statistic,heuristic_proxy_ms,ml_total_ms,ml_added_overhead_ms,ml_overhead_share
p50,0.10922000001301058,2.4522939984308323,2.3227690035128035,0.9471821098934675
p95,0.19721204844245213,4.8162499997488295,4.69215449847979,0.9742339992160891
p99,0.24061419982899643,15.474420510108747,15.3485853101665,0.9918681801454184
mean,0.11725548035721689,2.9047150847709724,2.7829435285414132,0.9580779688624227
