model,scored,tp,fp,precision,wilson_ci_low,wilson_ci_high
SDE,1020,749,271,0.734313725490196,0.7063647025693544,0.760504455620998
ML,190,182,8,0.9578947368421052,0.919128098881562,0.9785126899290106
ML_minus_SDE,-830,-567,-263,0.22358101135190922,,
