year,total_events,ok_events,failed_events,availability_pct,p50_total_ms,p95_total_ms,p99_total_ms
2022,525,525,0,100.0,3.10484900001029,4.69831409955076,15.659670701279534
2023,693,693,0,100.0,3.1132389995036647,4.139968999515985,7.421738960474761
2024,808,808,0,100.0,3.1108390003282693,18.035217000306147,23.67891643065374
2025,974,974,0,100.0,3.124653499980923,5.334885149841279,17.987807899371546
