model,scored,tp,fp,precision,wilson_ci_low,wilson_ci_high
SDE,1020,749,271,0.734313725490196,0.7063647025693544,0.760504455620998
ML,505,485,20,0.9603960396039604,0.9396221484239944,0.9742184829539944
ML_minus_SDE,-515,-264,-251,0.22608231411376434,,
