year,rows,positive_rows,prevalence,raw_brier,calibrated_brier,raw_ece,calibrated_ece,raw_mce,calibrated_mce,constrained_positive_rate,constrained_precision,constrained_recall,constrained_f1,mean_constrained_threshold,fallback_rows
2022,21121,571,0.027034704796174425,0.07995690987017885,0.023542581757408577,0.1719981267674959,0.00860849430309391,0.5684651874476198,0.42420634920634925,0.0006628474030585673,0.6428571428571429,0.01576182136602452,0.030769230769230767,0.7846489276075943,0
2023,29907,1600,0.05349918079379409,0.16905734555008786,0.039011024928026564,0.31263239226615336,0.006113533144060258,0.5619010282581982,0.12342489200033979,0.0036446316915772227,0.7981651376146789,0.054375,0.10181392627267409,0.7845547865048317,0
2024,33239,2613,0.07861247329943741,0.24958679220453003,0.05343355157728522,0.41100482196402965,0.019141434871771987,0.5877341002960225,0.14013523060122457,0.01092090616444538,0.768595041322314,0.10677382319173363,0.1875,0.8032768735521527,0
2025,39869,3512,0.08808848980410845,0.25977252523645944,0.06478197576900732,0.4069083611416279,0.011328026807074756,0.5941384460724737,0.14199339262875177,0.008452682535303117,0.8100890207715133,0.07773348519362187,0.14185502727981295,0.7889728862023125,0
