component,samples,mean_ms,p50_ms,p95_ms,p99_ms,max_ms
parse_ms,2950,0.008232484414586029,0.007390000064333435,0.00820550003481912,0.011966699885306258,1.4526639997711754
feature_ms,2950,0.02688756304743978,0.026020000404969323,0.03139550044579664,0.03975661044023579,0.2764410000963835
matrix_ms,2950,1.6671503267719083,1.605824499620212,1.8461029999343734,2.435890700417075,32.152982000297925
inference_ms,2950,1.8622296925478639,1.4388839999810443,3.7221409996618595,11.384556430220819,20.242038000105822
calibration_ms,2950,0.0001068881317485771,9.999985195463523e-05,0.00012999953469261527,0.00019000027350557502,0.004640000042854808
packaging_ms,2950,0.007713673563496016,0.007329999789362773,0.008385499950236405,0.011695500006680947,0.37561099998129066
heuristic_proxy_ms,2950,0.042833721025521826,0.04082000032212818,0.04737550070785801,0.06245139058592017,1.4947439995012246
ml_overhead_ms,2950,3.5294869074515205,3.0601339994973387,5.5678740004168485,13.85597221009431,40.99721700004011
total_ms,2950,3.576969917622144,3.106348000073922,5.615486000078816,13.90377140970469,41.046667000046
