policy_label,threshold,rows,predicted_positive,tp,fp,tn,fn,positive_rate,precision,recall,f1
constrained_policy,,124136,847,684,163,115677,7612,0.006823161693626345,0.807556080283353,0.08244937319189971,0.14962266214590395
fixed_threshold_0.10,0.1,124136,22324,5833,16491,99349,2463,0.17983501965586132,0.26128829958788746,0.7031099324975892,0.3809928151534944
fixed_threshold_0.50,0.5,124136,2634,1768,866,114974,6528,0.02121866340143069,0.6712224753227031,0.21311475409836064,0.3235132662397072
