fold,rows,positive_rows,prevalence,mean_constrained_threshold,min_constrained_threshold,max_constrained_threshold,constrained_positive_rate,constrained_precision,constrained_recall,constrained_f1,fallback_rows,calibrated_score_q90
1,24758,1718,0.06939171176993295,0.75,0.75,0.75,0.007310768236529606,0.7624309392265194,0.08032596041909197,0.14533965244865718,0,0.247588424437299
2,25122,1512,0.06018629090040602,0.83,0.8300000000000001,0.8300000000000001,0.0005970862192500597,0.9333333333333333,0.009259259259259259,0.018336607727570398,0,0.1138912855910267
3,24724,1540,0.0622876557191393,0.7699999999999998,0.77,0.77,0.008574664293803592,0.8962264150943396,0.12337662337662338,0.21689497716894973,0,0.1388367729831144
4,24793,1938,0.07816722461985237,0.75,0.75,0.75,0.011938853708708104,0.8006756756756757,0.12229102167182662,0.21217547000895254,0,0.1879588839941262
5,24739,1588,0.06419014511500061,0.76,0.76,0.76,0.005780346820809248,0.7342657342657343,0.06612090680100756,0.12131715771230503,0,0.1364136413641364
