statistic,heuristic_proxy_ms,ml_total_ms,ml_added_overhead_ms,ml_overhead_share
p50,0.04082000032212818,3.106348000073922,3.0601339994973387,0.9851227227034822
p95,0.04737550070785801,5.615486000078816,5.5678740004168485,0.9915213038263654
p99,0.06245139058592017,13.90377140970469,13.85597221009431,0.9965621414361705
mean,0.042833721025521826,3.576969917622144,3.5294869074515205,0.986725353787099
