year,sde_actionable,sde_scored,sde_excluded,sde_tp,sde_fp,sde_precision,ml_actionable,ml_scored,ml_excluded,ml_tp,ml_fp,ml_precision,delta_precision_ml_minus_sde,delta_scored_ml_minus_sde,delta_actionable_ml_minus_sde,ml_vs_sde_scored_ratio,ml_vs_sde_actionable_ratio
2022,1398,155,1243,100,55,0.6451612903225806,14,9,5,7,2,0.7777777777777778,0.13261648745519716,-146,-1384,0.05806451612903226,0.010014306151645207
2023,1572,226,1346,163,63,0.7212389380530974,109,73,36,71,2,0.9726027397260274,0.25136380167293004,-153,-1463,0.3230088495575221,0.0693384223918575
2024,1647,299,1348,227,72,0.7591973244147158,363,219,144,210,9,0.958904109589041,0.19970678517432527,-80,-1284,0.7324414715719063,0.2204007285974499
2025,1706,340,1366,259,81,0.7617647058823529,337,204,133,197,7,0.9656862745098039,0.20392156862745103,-136,-1369,0.6,0.19753810082063306
