statistic,heuristic_proxy_ms,ml_total_ms,ml_added_overhead_ms,ml_overhead_share
p50,0.04157100192969665,2.422383000521222,2.375876499172591,0.980801342587599
p95,0.07430554987877246,17.28125000026921,17.226040850073332,0.9968052571315722
p99,0.09631040067688428,23.08487017964572,22.99874637068561,0.9962692530523283
mean,0.04652611559214489,4.419783628478491,4.367382655283895,0.9881439958153256
