model,actionable_total,scored_total,tp,fp,precision,fp_rate_within_scored,excluded_no_match
SDE,6323,1020,749,271,0.734313725490196,0.2656862745098039,4873
Batch,212,158,150,8,0.9493670886075949,0.05063291139240506,49
MOA,8416,1938,1718,220,0.8864809081527347,0.11351909184726522,6200
