output_file,exists,sources
/home/pitesse/Desktop/Thesis/data_lake/reports/phase2b_presentation_figures/final_refresh/final_refresh_summary.md,True,/home/pitesse/Desktop/Thesis/data_lake/ml_training_dataset_2022_2025_dual_contract.parquet; /home/pitesse/Desktop/Thesis/data_lake/pit_evals_9999_merged_20260508_145741.jsonl; /home/pitesse/Desktop/Thesis/data_lake/reports/final_sde_c6_cfg120_fixed_raw_clean_aggregate_2022_2025.csv; /home/pitesse/Desktop/Thesis/data_lake/reports/ml_phase2b_dual_contract_2022_2025/audits/sde_universe_2022_2025.csv; /home/pitesse/Desktop/Thesis/data_lake/reports/ml_phase2b_dual_contract_2022_2025/frontier/phase2b_threshold_frontier_compact.csv; /home/pitesse/Desktop/Thesis/data_lake/reports/ml_phase2b_dual_contract_2022_2025/oof/e0_no_source_year__target_pit_any_h2_clean_actionable.csv; /home/pitesse/Desktop/Thesis/data_lake/reports/ml_phase2b_dual_contract_2022_2025/oof/e0_no_source_year__target_pit_success_h2_clean_actionable.csv; /home/pitesse/Desktop/Thesis/data_lake/reports/ml_phase2b_dual_contract_2022_2025/oof/p1_percent_conservative_v1__target_pit_any_h2_clean_actionable.csv; /home/pitesse/Desktop/Thesis/data_lake/reports/ml_phase2b_dual_contract_2022_2025/oof/p1_percent_conservative_v1__target_pit_success_h2_clean_actionable.csv; /home/pitesse/Desktop/Thesis/data_lake/reports/ml_phase2b_dual_contract_2022_2025/recommended/phase2b_recommended_operating_points.csv; /home/pitesse/Desktop/Thesis/data_lake/reports/phase2b_presentation_figures/phase2b_figures_manifest.csv; /home/pitesse/Desktop/Thesis/data_lake/reports/phase2b_timing/training_runtime_2022_2025.csv; /home/pitesse/Desktop/Thesis/data_lake/reports/pit_truth_eligibility_audit_2022_c6_cfg120_fixed.csv; /home/pitesse/Desktop/Thesis/data_lake/reports/pit_truth_eligibility_audit_2023_c6_cfg120_fixed.csv; /home/pitesse/Desktop/Thesis/data_lake/reports/pit_truth_eligibility_audit_2024_c6_cfg120_fixed.csv; /home/pitesse/Desktop/Thesis/data_lake/reports/pit_truth_eligibility_audit_2025_c6_cfg120_fixed.csv; /home/pitesse/Desktop/Thesis/data_lake/reports/sml_phase2b_dual_contract_2022_2025/exports/e0_no_source_year__target_pit_success_h2_clean_actionable.csv; /home/pitesse/Desktop/Thesis/data_lake/reports/sml_phase2b_dual_contract_2022_2025/exports/p1_percent_conservative_v1__target_pit_success_h2_clean_actionable.csv; /home/pitesse/Desktop/Thesis/data_lake/reports/sml_phase2b_dual_contract_2022_2025/frontier/phase2b_threshold_frontier_compact.csv; /home/pitesse/Desktop/Thesis/data_lake/reports/sml_phase2b_dual_contract_2022_2025/oof/e0_no_source_year__target_pit_any_h2_clean_actionable.csv; /home/pitesse/Desktop/Thesis/data_lake/reports/sml_phase2b_dual_contract_2022_2025/oof/e0_no_source_year__target_pit_success_h2_clean_actionable.csv; /home/pitesse/Desktop/Thesis/data_lake/reports/sml_phase2b_dual_contract_2022_2025/oof/p1_percent_conservative_v1__target_pit_any_h2_clean_actionable.csv; /home/pitesse/Desktop/Thesis/data_lake/reports/sml_phase2b_dual_contract_2022_2025/oof/p1_percent_conservative_v1__target_pit_success_h2_clean_actionable.csv; /home/pitesse/Desktop/Thesis/data_lake/reports/sml_phase2b_dual_contract_2022_2025/recommended/phase2b_recommended_operating_points.csv; /home/pitesse/Desktop/Thesis/data_lake/reports/variant_runs/c6_cfg120_fixed_2022/pit_evals_2022_season.jsonl; /home/pitesse/Desktop/Thesis/data_lake/reports/variant_runs/c6_cfg120_fixed_2022/pit_suggestions_2022_season.jsonl; /home/pitesse/Desktop/Thesis/data_lake/reports/variant_runs/c6_cfg120_fixed_2023/pit_evals_2023_season.jsonl; /home/pitesse/Desktop/Thesis/data_lake/reports/variant_runs/c6_cfg120_fixed_2023/pit_suggestions_2023_season.jsonl; /home/pitesse/Desktop/Thesis/data_lake/reports/variant_runs/c6_cfg120_fixed_2024/pit_evals_2024_season.jsonl; /home/pitesse/Desktop/Thesis/data_lake/reports/variant_runs/c6_cfg120_fixed_2024/pit_suggestions_2024_season.jsonl; /home/pitesse/Desktop/Thesis/data_lake/reports/variant_runs/c6_cfg120_fixed_2025/pit_evals_2025_season.jsonl; /home/pitesse/Desktop/Thesis/data_lake/reports/variant_runs/c6_cfg120_fixed_2025/pit_suggestions_2025_season.jsonl
/home/pitesse/Desktop/Thesis/data_lake/reports/phase2b_presentation_figures/final_refresh/final_refresh_input_provenance.csv,True,/home/pitesse/Desktop/Thesis/data_lake/ml_training_dataset_2022_2025_dual_contract.parquet; /home/pitesse/Desktop/Thesis/data_lake/pit_evals_9999_merged_20260508_145741.jsonl; /home/pitesse/Desktop/Thesis/data_lake/reports/final_sde_c6_cfg120_fixed_raw_clean_aggregate_2022_2025.csv; /home/pitesse/Desktop/Thesis/data_lake/reports/ml_phase2b_dual_contract_2022_2025/audits/sde_universe_2022_2025.csv; /home/pitesse/Desktop/Thesis/data_lake/reports/ml_phase2b_dual_contract_2022_2025/frontier/phase2b_threshold_frontier_compact.csv; /home/pitesse/Desktop/Thesis/data_lake/reports/ml_phase2b_dual_contract_2022_2025/oof/e0_no_source_year__target_pit_any_h2_clean_actionable.csv; /home/pitesse/Desktop/Thesis/data_lake/reports/ml_phase2b_dual_contract_2022_2025/oof/e0_no_source_year__target_pit_success_h2_clean_actionable.csv; /home/pitesse/Desktop/Thesis/data_lake/reports/ml_phase2b_dual_contract_2022_2025/oof/p1_percent_conservative_v1__target_pit_any_h2_clean_actionable.csv; /home/pitesse/Desktop/Thesis/data_lake/reports/ml_phase2b_dual_contract_2022_2025/oof/p1_percent_conservative_v1__target_pit_success_h2_clean_actionable.csv; /home/pitesse/Desktop/Thesis/data_lake/reports/ml_phase2b_dual_contract_2022_2025/recommended/phase2b_recommended_operating_points.csv; /home/pitesse/Desktop/Thesis/data_lake/reports/phase2b_presentation_figures/phase2b_figures_manifest.csv; /home/pitesse/Desktop/Thesis/data_lake/reports/phase2b_timing/training_runtime_2022_2025.csv; /home/pitesse/Desktop/Thesis/data_lake/reports/pit_truth_eligibility_audit_2022_c6_cfg120_fixed.csv; /home/pitesse/Desktop/Thesis/data_lake/reports/pit_truth_eligibility_audit_2023_c6_cfg120_fixed.csv; /home/pitesse/Desktop/Thesis/data_lake/reports/pit_truth_eligibility_audit_2024_c6_cfg120_fixed.csv; /home/pitesse/Desktop/Thesis/data_lake/reports/pit_truth_eligibility_audit_2025_c6_cfg120_fixed.csv; /home/pitesse/Desktop/Thesis/data_lake/reports/sml_phase2b_dual_contract_2022_2025/exports/e0_no_source_year__target_pit_success_h2_clean_actionable.csv; /home/pitesse/Desktop/Thesis/data_lake/reports/sml_phase2b_dual_contract_2022_2025/exports/p1_percent_conservative_v1__target_pit_success_h2_clean_actionable.csv; /home/pitesse/Desktop/Thesis/data_lake/reports/sml_phase2b_dual_contract_2022_2025/frontier/phase2b_threshold_frontier_compact.csv; /home/pitesse/Desktop/Thesis/data_lake/reports/sml_phase2b_dual_contract_2022_2025/oof/e0_no_source_year__target_pit_any_h2_clean_actionable.csv; /home/pitesse/Desktop/Thesis/data_lake/reports/sml_phase2b_dual_contract_2022_2025/oof/e0_no_source_year__target_pit_success_h2_clean_actionable.csv; /home/pitesse/Desktop/Thesis/data_lake/reports/sml_phase2b_dual_contract_2022_2025/oof/p1_percent_conservative_v1__target_pit_any_h2_clean_actionable.csv; /home/pitesse/Desktop/Thesis/data_lake/reports/sml_phase2b_dual_contract_2022_2025/oof/p1_percent_conservative_v1__target_pit_success_h2_clean_actionable.csv; /home/pitesse/Desktop/Thesis/data_lake/reports/sml_phase2b_dual_contract_2022_2025/recommended/phase2b_recommended_operating_points.csv; /home/pitesse/Desktop/Thesis/data_lake/reports/variant_runs/c6_cfg120_fixed_2022/pit_evals_2022_season.jsonl; /home/pitesse/Desktop/Thesis/data_lake/reports/variant_runs/c6_cfg120_fixed_2022/pit_suggestions_2022_season.jsonl; /home/pitesse/Desktop/Thesis/data_lake/reports/variant_runs/c6_cfg120_fixed_2023/pit_evals_2023_season.jsonl; /home/pitesse/Desktop/Thesis/data_lake/reports/variant_runs/c6_cfg120_fixed_2023/pit_suggestions_2023_season.jsonl; /home/pitesse/Desktop/Thesis/data_lake/reports/variant_runs/c6_cfg120_fixed_2024/pit_evals_2024_season.jsonl; /home/pitesse/Desktop/Thesis/data_lake/reports/variant_runs/c6_cfg120_fixed_2024/pit_suggestions_2024_season.jsonl; /home/pitesse/Desktop/Thesis/data_lake/reports/variant_runs/c6_cfg120_fixed_2025/pit_evals_2025_season.jsonl; /home/pitesse/Desktop/Thesis/data_lake/reports/variant_runs/c6_cfg120_fixed_2025/pit_suggestions_2025_season.jsonl
/home/pitesse/Desktop/Thesis/data_lake/reports/phase2b_presentation_figures/final_refresh/final_refresh_input_provenance.md,True,/home/pitesse/Desktop/Thesis/data_lake/ml_training_dataset_2022_2025_dual_contract.parquet; /home/pitesse/Desktop/Thesis/data_lake/pit_evals_9999_merged_20260508_145741.jsonl; /home/pitesse/Desktop/Thesis/data_lake/reports/final_sde_c6_cfg120_fixed_raw_clean_aggregate_2022_2025.csv; /home/pitesse/Desktop/Thesis/data_lake/reports/ml_phase2b_dual_contract_2022_2025/audits/sde_universe_2022_2025.csv; /home/pitesse/Desktop/Thesis/data_lake/reports/ml_phase2b_dual_contract_2022_2025/frontier/phase2b_threshold_frontier_compact.csv; /home/pitesse/Desktop/Thesis/data_lake/reports/ml_phase2b_dual_contract_2022_2025/oof/e0_no_source_year__target_pit_any_h2_clean_actionable.csv; /home/pitesse/Desktop/Thesis/data_lake/reports/ml_phase2b_dual_contract_2022_2025/oof/e0_no_source_year__target_pit_success_h2_clean_actionable.csv; /home/pitesse/Desktop/Thesis/data_lake/reports/ml_phase2b_dual_contract_2022_2025/oof/p1_percent_conservative_v1__target_pit_any_h2_clean_actionable.csv; /home/pitesse/Desktop/Thesis/data_lake/reports/ml_phase2b_dual_contract_2022_2025/oof/p1_percent_conservative_v1__target_pit_success_h2_clean_actionable.csv; /home/pitesse/Desktop/Thesis/data_lake/reports/ml_phase2b_dual_contract_2022_2025/recommended/phase2b_recommended_operating_points.csv; /home/pitesse/Desktop/Thesis/data_lake/reports/phase2b_presentation_figures/phase2b_figures_manifest.csv; /home/pitesse/Desktop/Thesis/data_lake/reports/phase2b_timing/training_runtime_2022_2025.csv; /home/pitesse/Desktop/Thesis/data_lake/reports/pit_truth_eligibility_audit_2022_c6_cfg120_fixed.csv; /home/pitesse/Desktop/Thesis/data_lake/reports/pit_truth_eligibility_audit_2023_c6_cfg120_fixed.csv; /home/pitesse/Desktop/Thesis/data_lake/reports/pit_truth_eligibility_audit_2024_c6_cfg120_fixed.csv; /home/pitesse/Desktop/Thesis/data_lake/reports/pit_truth_eligibility_audit_2025_c6_cfg120_fixed.csv; /home/pitesse/Desktop/Thesis/data_lake/reports/sml_phase2b_dual_contract_2022_2025/exports/e0_no_source_year__target_pit_success_h2_clean_actionable.csv; /home/pitesse/Desktop/Thesis/data_lake/reports/sml_phase2b_dual_contract_2022_2025/exports/p1_percent_conservative_v1__target_pit_success_h2_clean_actionable.csv; /home/pitesse/Desktop/Thesis/data_lake/reports/sml_phase2b_dual_contract_2022_2025/frontier/phase2b_threshold_frontier_compact.csv; /home/pitesse/Desktop/Thesis/data_lake/reports/sml_phase2b_dual_contract_2022_2025/oof/e0_no_source_year__target_pit_any_h2_clean_actionable.csv; /home/pitesse/Desktop/Thesis/data_lake/reports/sml_phase2b_dual_contract_2022_2025/oof/e0_no_source_year__target_pit_success_h2_clean_actionable.csv; /home/pitesse/Desktop/Thesis/data_lake/reports/sml_phase2b_dual_contract_2022_2025/oof/p1_percent_conservative_v1__target_pit_any_h2_clean_actionable.csv; /home/pitesse/Desktop/Thesis/data_lake/reports/sml_phase2b_dual_contract_2022_2025/oof/p1_percent_conservative_v1__target_pit_success_h2_clean_actionable.csv; /home/pitesse/Desktop/Thesis/data_lake/reports/sml_phase2b_dual_contract_2022_2025/recommended/phase2b_recommended_operating_points.csv; /home/pitesse/Desktop/Thesis/data_lake/reports/variant_runs/c6_cfg120_fixed_2022/pit_evals_2022_season.jsonl; /home/pitesse/Desktop/Thesis/data_lake/reports/variant_runs/c6_cfg120_fixed_2022/pit_suggestions_2022_season.jsonl; /home/pitesse/Desktop/Thesis/data_lake/reports/variant_runs/c6_cfg120_fixed_2023/pit_evals_2023_season.jsonl; /home/pitesse/Desktop/Thesis/data_lake/reports/variant_runs/c6_cfg120_fixed_2023/pit_suggestions_2023_season.jsonl; /home/pitesse/Desktop/Thesis/data_lake/reports/variant_runs/c6_cfg120_fixed_2024/pit_evals_2024_season.jsonl; /home/pitesse/Desktop/Thesis/data_lake/reports/variant_runs/c6_cfg120_fixed_2024/pit_suggestions_2024_season.jsonl; /home/pitesse/Desktop/Thesis/data_lake/reports/variant_runs/c6_cfg120_fixed_2025/pit_evals_2025_season.jsonl; /home/pitesse/Desktop/Thesis/data_lake/reports/variant_runs/c6_cfg120_fixed_2025/pit_suggestions_2025_season.jsonl
/home/pitesse/Desktop/Thesis/data_lake/reports/phase2b_presentation_figures/final_refresh/pit_any_final_recap.csv,True,/home/pitesse/Desktop/Thesis/data_lake/ml_training_dataset_2022_2025_dual_contract.parquet; /home/pitesse/Desktop/Thesis/data_lake/pit_evals_9999_merged_20260508_145741.jsonl; /home/pitesse/Desktop/Thesis/data_lake/reports/final_sde_c6_cfg120_fixed_raw_clean_aggregate_2022_2025.csv; /home/pitesse/Desktop/Thesis/data_lake/reports/ml_phase2b_dual_contract_2022_2025/audits/sde_universe_2022_2025.csv; /home/pitesse/Desktop/Thesis/data_lake/reports/ml_phase2b_dual_contract_2022_2025/frontier/phase2b_threshold_frontier_compact.csv; /home/pitesse/Desktop/Thesis/data_lake/reports/ml_phase2b_dual_contract_2022_2025/oof/e0_no_source_year__target_pit_any_h2_clean_actionable.csv; /home/pitesse/Desktop/Thesis/data_lake/reports/ml_phase2b_dual_contract_2022_2025/oof/e0_no_source_year__target_pit_success_h2_clean_actionable.csv; /home/pitesse/Desktop/Thesis/data_lake/reports/ml_phase2b_dual_contract_2022_2025/oof/p1_percent_conservative_v1__target_pit_any_h2_clean_actionable.csv; /home/pitesse/Desktop/Thesis/data_lake/reports/ml_phase2b_dual_contract_2022_2025/oof/p1_percent_conservative_v1__target_pit_success_h2_clean_actionable.csv; /home/pitesse/Desktop/Thesis/data_lake/reports/ml_phase2b_dual_contract_2022_2025/recommended/phase2b_recommended_operating_points.csv; /home/pitesse/Desktop/Thesis/data_lake/reports/phase2b_presentation_figures/phase2b_figures_manifest.csv; /home/pitesse/Desktop/Thesis/data_lake/reports/phase2b_timing/training_runtime_2022_2025.csv; /home/pitesse/Desktop/Thesis/data_lake/reports/pit_truth_eligibility_audit_2022_c6_cfg120_fixed.csv; /home/pitesse/Desktop/Thesis/data_lake/reports/pit_truth_eligibility_audit_2023_c6_cfg120_fixed.csv; /home/pitesse/Desktop/Thesis/data_lake/reports/pit_truth_eligibility_audit_2024_c6_cfg120_fixed.csv; /home/pitesse/Desktop/Thesis/data_lake/reports/pit_truth_eligibility_audit_2025_c6_cfg120_fixed.csv; /home/pitesse/Desktop/Thesis/data_lake/reports/sml_phase2b_dual_contract_2022_2025/exports/e0_no_source_year__target_pit_success_h2_clean_actionable.csv; /home/pitesse/Desktop/Thesis/data_lake/reports/sml_phase2b_dual_contract_2022_2025/exports/p1_percent_conservative_v1__target_pit_success_h2_clean_actionable.csv; /home/pitesse/Desktop/Thesis/data_lake/reports/sml_phase2b_dual_contract_2022_2025/frontier/phase2b_threshold_frontier_compact.csv; /home/pitesse/Desktop/Thesis/data_lake/reports/sml_phase2b_dual_contract_2022_2025/oof/e0_no_source_year__target_pit_any_h2_clean_actionable.csv; /home/pitesse/Desktop/Thesis/data_lake/reports/sml_phase2b_dual_contract_2022_2025/oof/e0_no_source_year__target_pit_success_h2_clean_actionable.csv; /home/pitesse/Desktop/Thesis/data_lake/reports/sml_phase2b_dual_contract_2022_2025/oof/p1_percent_conservative_v1__target_pit_any_h2_clean_actionable.csv; /home/pitesse/Desktop/Thesis/data_lake/reports/sml_phase2b_dual_contract_2022_2025/oof/p1_percent_conservative_v1__target_pit_success_h2_clean_actionable.csv; /home/pitesse/Desktop/Thesis/data_lake/reports/sml_phase2b_dual_contract_2022_2025/recommended/phase2b_recommended_operating_points.csv; /home/pitesse/Desktop/Thesis/data_lake/reports/variant_runs/c6_cfg120_fixed_2022/pit_evals_2022_season.jsonl; /home/pitesse/Desktop/Thesis/data_lake/reports/variant_runs/c6_cfg120_fixed_2022/pit_suggestions_2022_season.jsonl; /home/pitesse/Desktop/Thesis/data_lake/reports/variant_runs/c6_cfg120_fixed_2023/pit_evals_2023_season.jsonl; /home/pitesse/Desktop/Thesis/data_lake/reports/variant_runs/c6_cfg120_fixed_2023/pit_suggestions_2023_season.jsonl; /home/pitesse/Desktop/Thesis/data_lake/reports/variant_runs/c6_cfg120_fixed_2024/pit_evals_2024_season.jsonl; /home/pitesse/Desktop/Thesis/data_lake/reports/variant_runs/c6_cfg120_fixed_2024/pit_suggestions_2024_season.jsonl; /home/pitesse/Desktop/Thesis/data_lake/reports/variant_runs/c6_cfg120_fixed_2025/pit_evals_2025_season.jsonl; /home/pitesse/Desktop/Thesis/data_lake/reports/variant_runs/c6_cfg120_fixed_2025/pit_suggestions_2025_season.jsonl
/home/pitesse/Desktop/Thesis/data_lake/reports/phase2b_presentation_figures/final_refresh/pit_any_final_recap.md,True,/home/pitesse/Desktop/Thesis/data_lake/ml_training_dataset_2022_2025_dual_contract.parquet; /home/pitesse/Desktop/Thesis/data_lake/pit_evals_9999_merged_20260508_145741.jsonl; /home/pitesse/Desktop/Thesis/data_lake/reports/final_sde_c6_cfg120_fixed_raw_clean_aggregate_2022_2025.csv; /home/pitesse/Desktop/Thesis/data_lake/reports/ml_phase2b_dual_contract_2022_2025/audits/sde_universe_2022_2025.csv; /home/pitesse/Desktop/Thesis/data_lake/reports/ml_phase2b_dual_contract_2022_2025/frontier/phase2b_threshold_frontier_compact.csv; /home/pitesse/Desktop/Thesis/data_lake/reports/ml_phase2b_dual_contract_2022_2025/oof/e0_no_source_year__target_pit_any_h2_clean_actionable.csv; /home/pitesse/Desktop/Thesis/data_lake/reports/ml_phase2b_dual_contract_2022_2025/oof/e0_no_source_year__target_pit_success_h2_clean_actionable.csv; /home/pitesse/Desktop/Thesis/data_lake/reports/ml_phase2b_dual_contract_2022_2025/oof/p1_percent_conservative_v1__target_pit_any_h2_clean_actionable.csv; /home/pitesse/Desktop/Thesis/data_lake/reports/ml_phase2b_dual_contract_2022_2025/oof/p1_percent_conservative_v1__target_pit_success_h2_clean_actionable.csv; /home/pitesse/Desktop/Thesis/data_lake/reports/ml_phase2b_dual_contract_2022_2025/recommended/phase2b_recommended_operating_points.csv; /home/pitesse/Desktop/Thesis/data_lake/reports/phase2b_presentation_figures/phase2b_figures_manifest.csv; /home/pitesse/Desktop/Thesis/data_lake/reports/phase2b_timing/training_runtime_2022_2025.csv; /home/pitesse/Desktop/Thesis/data_lake/reports/pit_truth_eligibility_audit_2022_c6_cfg120_fixed.csv; /home/pitesse/Desktop/Thesis/data_lake/reports/pit_truth_eligibility_audit_2023_c6_cfg120_fixed.csv; /home/pitesse/Desktop/Thesis/data_lake/reports/pit_truth_eligibility_audit_2024_c6_cfg120_fixed.csv; /home/pitesse/Desktop/Thesis/data_lake/reports/pit_truth_eligibility_audit_2025_c6_cfg120_fixed.csv; /home/pitesse/Desktop/Thesis/data_lake/reports/sml_phase2b_dual_contract_2022_2025/exports/e0_no_source_year__target_pit_success_h2_clean_actionable.csv; /home/pitesse/Desktop/Thesis/data_lake/reports/sml_phase2b_dual_contract_2022_2025/exports/p1_percent_conservative_v1__target_pit_success_h2_clean_actionable.csv; /home/pitesse/Desktop/Thesis/data_lake/reports/sml_phase2b_dual_contract_2022_2025/frontier/phase2b_threshold_frontier_compact.csv; /home/pitesse/Desktop/Thesis/data_lake/reports/sml_phase2b_dual_contract_2022_2025/oof/e0_no_source_year__target_pit_any_h2_clean_actionable.csv; /home/pitesse/Desktop/Thesis/data_lake/reports/sml_phase2b_dual_contract_2022_2025/oof/e0_no_source_year__target_pit_success_h2_clean_actionable.csv; /home/pitesse/Desktop/Thesis/data_lake/reports/sml_phase2b_dual_contract_2022_2025/oof/p1_percent_conservative_v1__target_pit_any_h2_clean_actionable.csv; /home/pitesse/Desktop/Thesis/data_lake/reports/sml_phase2b_dual_contract_2022_2025/oof/p1_percent_conservative_v1__target_pit_success_h2_clean_actionable.csv; /home/pitesse/Desktop/Thesis/data_lake/reports/sml_phase2b_dual_contract_2022_2025/recommended/phase2b_recommended_operating_points.csv; /home/pitesse/Desktop/Thesis/data_lake/reports/variant_runs/c6_cfg120_fixed_2022/pit_evals_2022_season.jsonl; /home/pitesse/Desktop/Thesis/data_lake/reports/variant_runs/c6_cfg120_fixed_2022/pit_suggestions_2022_season.jsonl; /home/pitesse/Desktop/Thesis/data_lake/reports/variant_runs/c6_cfg120_fixed_2023/pit_evals_2023_season.jsonl; /home/pitesse/Desktop/Thesis/data_lake/reports/variant_runs/c6_cfg120_fixed_2023/pit_suggestions_2023_season.jsonl; /home/pitesse/Desktop/Thesis/data_lake/reports/variant_runs/c6_cfg120_fixed_2024/pit_evals_2024_season.jsonl; /home/pitesse/Desktop/Thesis/data_lake/reports/variant_runs/c6_cfg120_fixed_2024/pit_suggestions_2024_season.jsonl; /home/pitesse/Desktop/Thesis/data_lake/reports/variant_runs/c6_cfg120_fixed_2025/pit_evals_2025_season.jsonl; /home/pitesse/Desktop/Thesis/data_lake/reports/variant_runs/c6_cfg120_fixed_2025/pit_suggestions_2025_season.jsonl
/home/pitesse/Desktop/Thesis/data_lake/reports/phase2b_presentation_figures/final_refresh/pit_success_sde_diagnostic.csv,True,/home/pitesse/Desktop/Thesis/data_lake/ml_training_dataset_2022_2025_dual_contract.parquet; /home/pitesse/Desktop/Thesis/data_lake/pit_evals_9999_merged_20260508_145741.jsonl; /home/pitesse/Desktop/Thesis/data_lake/reports/final_sde_c6_cfg120_fixed_raw_clean_aggregate_2022_2025.csv; /home/pitesse/Desktop/Thesis/data_lake/reports/ml_phase2b_dual_contract_2022_2025/audits/sde_universe_2022_2025.csv; /home/pitesse/Desktop/Thesis/data_lake/reports/ml_phase2b_dual_contract_2022_2025/frontier/phase2b_threshold_frontier_compact.csv; /home/pitesse/Desktop/Thesis/data_lake/reports/ml_phase2b_dual_contract_2022_2025/oof/e0_no_source_year__target_pit_any_h2_clean_actionable.csv; /home/pitesse/Desktop/Thesis/data_lake/reports/ml_phase2b_dual_contract_2022_2025/oof/e0_no_source_year__target_pit_success_h2_clean_actionable.csv; /home/pitesse/Desktop/Thesis/data_lake/reports/ml_phase2b_dual_contract_2022_2025/oof/p1_percent_conservative_v1__target_pit_any_h2_clean_actionable.csv; /home/pitesse/Desktop/Thesis/data_lake/reports/ml_phase2b_dual_contract_2022_2025/oof/p1_percent_conservative_v1__target_pit_success_h2_clean_actionable.csv; /home/pitesse/Desktop/Thesis/data_lake/reports/ml_phase2b_dual_contract_2022_2025/recommended/phase2b_recommended_operating_points.csv; /home/pitesse/Desktop/Thesis/data_lake/reports/phase2b_presentation_figures/phase2b_figures_manifest.csv; /home/pitesse/Desktop/Thesis/data_lake/reports/phase2b_timing/training_runtime_2022_2025.csv; /home/pitesse/Desktop/Thesis/data_lake/reports/pit_truth_eligibility_audit_2022_c6_cfg120_fixed.csv; /home/pitesse/Desktop/Thesis/data_lake/reports/pit_truth_eligibility_audit_2023_c6_cfg120_fixed.csv; /home/pitesse/Desktop/Thesis/data_lake/reports/pit_truth_eligibility_audit_2024_c6_cfg120_fixed.csv; /home/pitesse/Desktop/Thesis/data_lake/reports/pit_truth_eligibility_audit_2025_c6_cfg120_fixed.csv; /home/pitesse/Desktop/Thesis/data_lake/reports/sml_phase2b_dual_contract_2022_2025/exports/e0_no_source_year__target_pit_success_h2_clean_actionable.csv; /home/pitesse/Desktop/Thesis/data_lake/reports/sml_phase2b_dual_contract_2022_2025/exports/p1_percent_conservative_v1__target_pit_success_h2_clean_actionable.csv; /home/pitesse/Desktop/Thesis/data_lake/reports/sml_phase2b_dual_contract_2022_2025/frontier/phase2b_threshold_frontier_compact.csv; /home/pitesse/Desktop/Thesis/data_lake/reports/sml_phase2b_dual_contract_2022_2025/oof/e0_no_source_year__target_pit_any_h2_clean_actionable.csv; /home/pitesse/Desktop/Thesis/data_lake/reports/sml_phase2b_dual_contract_2022_2025/oof/e0_no_source_year__target_pit_success_h2_clean_actionable.csv; /home/pitesse/Desktop/Thesis/data_lake/reports/sml_phase2b_dual_contract_2022_2025/oof/p1_percent_conservative_v1__target_pit_any_h2_clean_actionable.csv; /home/pitesse/Desktop/Thesis/data_lake/reports/sml_phase2b_dual_contract_2022_2025/oof/p1_percent_conservative_v1__target_pit_success_h2_clean_actionable.csv; /home/pitesse/Desktop/Thesis/data_lake/reports/sml_phase2b_dual_contract_2022_2025/recommended/phase2b_recommended_operating_points.csv; /home/pitesse/Desktop/Thesis/data_lake/reports/variant_runs/c6_cfg120_fixed_2022/pit_evals_2022_season.jsonl; /home/pitesse/Desktop/Thesis/data_lake/reports/variant_runs/c6_cfg120_fixed_2022/pit_suggestions_2022_season.jsonl; /home/pitesse/Desktop/Thesis/data_lake/reports/variant_runs/c6_cfg120_fixed_2023/pit_evals_2023_season.jsonl; /home/pitesse/Desktop/Thesis/data_lake/reports/variant_runs/c6_cfg120_fixed_2023/pit_suggestions_2023_season.jsonl; /home/pitesse/Desktop/Thesis/data_lake/reports/variant_runs/c6_cfg120_fixed_2024/pit_evals_2024_season.jsonl; /home/pitesse/Desktop/Thesis/data_lake/reports/variant_runs/c6_cfg120_fixed_2024/pit_suggestions_2024_season.jsonl; /home/pitesse/Desktop/Thesis/data_lake/reports/variant_runs/c6_cfg120_fixed_2025/pit_evals_2025_season.jsonl; /home/pitesse/Desktop/Thesis/data_lake/reports/variant_runs/c6_cfg120_fixed_2025/pit_suggestions_2025_season.jsonl
/home/pitesse/Desktop/Thesis/data_lake/reports/phase2b_presentation_figures/final_refresh/pit_success_sde_diagnostic.md,True,/home/pitesse/Desktop/Thesis/data_lake/ml_training_dataset_2022_2025_dual_contract.parquet; /home/pitesse/Desktop/Thesis/data_lake/pit_evals_9999_merged_20260508_145741.jsonl; /home/pitesse/Desktop/Thesis/data_lake/reports/final_sde_c6_cfg120_fixed_raw_clean_aggregate_2022_2025.csv; /home/pitesse/Desktop/Thesis/data_lake/reports/ml_phase2b_dual_contract_2022_2025/audits/sde_universe_2022_2025.csv; /home/pitesse/Desktop/Thesis/data_lake/reports/ml_phase2b_dual_contract_2022_2025/frontier/phase2b_threshold_frontier_compact.csv; /home/pitesse/Desktop/Thesis/data_lake/reports/ml_phase2b_dual_contract_2022_2025/oof/e0_no_source_year__target_pit_any_h2_clean_actionable.csv; /home/pitesse/Desktop/Thesis/data_lake/reports/ml_phase2b_dual_contract_2022_2025/oof/e0_no_source_year__target_pit_success_h2_clean_actionable.csv; /home/pitesse/Desktop/Thesis/data_lake/reports/ml_phase2b_dual_contract_2022_2025/oof/p1_percent_conservative_v1__target_pit_any_h2_clean_actionable.csv; /home/pitesse/Desktop/Thesis/data_lake/reports/ml_phase2b_dual_contract_2022_2025/oof/p1_percent_conservative_v1__target_pit_success_h2_clean_actionable.csv; /home/pitesse/Desktop/Thesis/data_lake/reports/ml_phase2b_dual_contract_2022_2025/recommended/phase2b_recommended_operating_points.csv; /home/pitesse/Desktop/Thesis/data_lake/reports/phase2b_presentation_figures/phase2b_figures_manifest.csv; /home/pitesse/Desktop/Thesis/data_lake/reports/phase2b_timing/training_runtime_2022_2025.csv; /home/pitesse/Desktop/Thesis/data_lake/reports/pit_truth_eligibility_audit_2022_c6_cfg120_fixed.csv; /home/pitesse/Desktop/Thesis/data_lake/reports/pit_truth_eligibility_audit_2023_c6_cfg120_fixed.csv; /home/pitesse/Desktop/Thesis/data_lake/reports/pit_truth_eligibility_audit_2024_c6_cfg120_fixed.csv; /home/pitesse/Desktop/Thesis/data_lake/reports/pit_truth_eligibility_audit_2025_c6_cfg120_fixed.csv; /home/pitesse/Desktop/Thesis/data_lake/reports/sml_phase2b_dual_contract_2022_2025/exports/e0_no_source_year__target_pit_success_h2_clean_actionable.csv; /home/pitesse/Desktop/Thesis/data_lake/reports/sml_phase2b_dual_contract_2022_2025/exports/p1_percent_conservative_v1__target_pit_success_h2_clean_actionable.csv; /home/pitesse/Desktop/Thesis/data_lake/reports/sml_phase2b_dual_contract_2022_2025/frontier/phase2b_threshold_frontier_compact.csv; /home/pitesse/Desktop/Thesis/data_lake/reports/sml_phase2b_dual_contract_2022_2025/oof/e0_no_source_year__target_pit_any_h2_clean_actionable.csv; /home/pitesse/Desktop/Thesis/data_lake/reports/sml_phase2b_dual_contract_2022_2025/oof/e0_no_source_year__target_pit_success_h2_clean_actionable.csv; /home/pitesse/Desktop/Thesis/data_lake/reports/sml_phase2b_dual_contract_2022_2025/oof/p1_percent_conservative_v1__target_pit_any_h2_clean_actionable.csv; /home/pitesse/Desktop/Thesis/data_lake/reports/sml_phase2b_dual_contract_2022_2025/oof/p1_percent_conservative_v1__target_pit_success_h2_clean_actionable.csv; /home/pitesse/Desktop/Thesis/data_lake/reports/sml_phase2b_dual_contract_2022_2025/recommended/phase2b_recommended_operating_points.csv; /home/pitesse/Desktop/Thesis/data_lake/reports/variant_runs/c6_cfg120_fixed_2022/pit_evals_2022_season.jsonl; /home/pitesse/Desktop/Thesis/data_lake/reports/variant_runs/c6_cfg120_fixed_2022/pit_suggestions_2022_season.jsonl; /home/pitesse/Desktop/Thesis/data_lake/reports/variant_runs/c6_cfg120_fixed_2023/pit_evals_2023_season.jsonl; /home/pitesse/Desktop/Thesis/data_lake/reports/variant_runs/c6_cfg120_fixed_2023/pit_suggestions_2023_season.jsonl; /home/pitesse/Desktop/Thesis/data_lake/reports/variant_runs/c6_cfg120_fixed_2024/pit_evals_2024_season.jsonl; /home/pitesse/Desktop/Thesis/data_lake/reports/variant_runs/c6_cfg120_fixed_2024/pit_suggestions_2024_season.jsonl; /home/pitesse/Desktop/Thesis/data_lake/reports/variant_runs/c6_cfg120_fixed_2025/pit_evals_2025_season.jsonl; /home/pitesse/Desktop/Thesis/data_lake/reports/variant_runs/c6_cfg120_fixed_2025/pit_suggestions_2025_season.jsonl
/home/pitesse/Desktop/Thesis/data_lake/reports/phase2b_presentation_figures/final_refresh/pit_success_apples_to_apples.csv,True,/home/pitesse/Desktop/Thesis/data_lake/ml_training_dataset_2022_2025_dual_contract.parquet; /home/pitesse/Desktop/Thesis/data_lake/pit_evals_9999_merged_20260508_145741.jsonl; /home/pitesse/Desktop/Thesis/data_lake/reports/final_sde_c6_cfg120_fixed_raw_clean_aggregate_2022_2025.csv; /home/pitesse/Desktop/Thesis/data_lake/reports/ml_phase2b_dual_contract_2022_2025/audits/sde_universe_2022_2025.csv; /home/pitesse/Desktop/Thesis/data_lake/reports/ml_phase2b_dual_contract_2022_2025/frontier/phase2b_threshold_frontier_compact.csv; /home/pitesse/Desktop/Thesis/data_lake/reports/ml_phase2b_dual_contract_2022_2025/oof/e0_no_source_year__target_pit_any_h2_clean_actionable.csv; /home/pitesse/Desktop/Thesis/data_lake/reports/ml_phase2b_dual_contract_2022_2025/oof/e0_no_source_year__target_pit_success_h2_clean_actionable.csv; /home/pitesse/Desktop/Thesis/data_lake/reports/ml_phase2b_dual_contract_2022_2025/oof/p1_percent_conservative_v1__target_pit_any_h2_clean_actionable.csv; /home/pitesse/Desktop/Thesis/data_lake/reports/ml_phase2b_dual_contract_2022_2025/oof/p1_percent_conservative_v1__target_pit_success_h2_clean_actionable.csv; /home/pitesse/Desktop/Thesis/data_lake/reports/ml_phase2b_dual_contract_2022_2025/recommended/phase2b_recommended_operating_points.csv; /home/pitesse/Desktop/Thesis/data_lake/reports/phase2b_presentation_figures/phase2b_figures_manifest.csv; /home/pitesse/Desktop/Thesis/data_lake/reports/phase2b_timing/training_runtime_2022_2025.csv; /home/pitesse/Desktop/Thesis/data_lake/reports/pit_truth_eligibility_audit_2022_c6_cfg120_fixed.csv; /home/pitesse/Desktop/Thesis/data_lake/reports/pit_truth_eligibility_audit_2023_c6_cfg120_fixed.csv; /home/pitesse/Desktop/Thesis/data_lake/reports/pit_truth_eligibility_audit_2024_c6_cfg120_fixed.csv; /home/pitesse/Desktop/Thesis/data_lake/reports/pit_truth_eligibility_audit_2025_c6_cfg120_fixed.csv; /home/pitesse/Desktop/Thesis/data_lake/reports/sml_phase2b_dual_contract_2022_2025/exports/e0_no_source_year__target_pit_success_h2_clean_actionable.csv; /home/pitesse/Desktop/Thesis/data_lake/reports/sml_phase2b_dual_contract_2022_2025/exports/p1_percent_conservative_v1__target_pit_success_h2_clean_actionable.csv; /home/pitesse/Desktop/Thesis/data_lake/reports/sml_phase2b_dual_contract_2022_2025/frontier/phase2b_threshold_frontier_compact.csv; /home/pitesse/Desktop/Thesis/data_lake/reports/sml_phase2b_dual_contract_2022_2025/oof/e0_no_source_year__target_pit_any_h2_clean_actionable.csv; /home/pitesse/Desktop/Thesis/data_lake/reports/sml_phase2b_dual_contract_2022_2025/oof/e0_no_source_year__target_pit_success_h2_clean_actionable.csv; /home/pitesse/Desktop/Thesis/data_lake/reports/sml_phase2b_dual_contract_2022_2025/oof/p1_percent_conservative_v1__target_pit_any_h2_clean_actionable.csv; /home/pitesse/Desktop/Thesis/data_lake/reports/sml_phase2b_dual_contract_2022_2025/oof/p1_percent_conservative_v1__target_pit_success_h2_clean_actionable.csv; /home/pitesse/Desktop/Thesis/data_lake/reports/sml_phase2b_dual_contract_2022_2025/recommended/phase2b_recommended_operating_points.csv; /home/pitesse/Desktop/Thesis/data_lake/reports/variant_runs/c6_cfg120_fixed_2022/pit_evals_2022_season.jsonl; /home/pitesse/Desktop/Thesis/data_lake/reports/variant_runs/c6_cfg120_fixed_2022/pit_suggestions_2022_season.jsonl; /home/pitesse/Desktop/Thesis/data_lake/reports/variant_runs/c6_cfg120_fixed_2023/pit_evals_2023_season.jsonl; /home/pitesse/Desktop/Thesis/data_lake/reports/variant_runs/c6_cfg120_fixed_2023/pit_suggestions_2023_season.jsonl; /home/pitesse/Desktop/Thesis/data_lake/reports/variant_runs/c6_cfg120_fixed_2024/pit_evals_2024_season.jsonl; /home/pitesse/Desktop/Thesis/data_lake/reports/variant_runs/c6_cfg120_fixed_2024/pit_suggestions_2024_season.jsonl; /home/pitesse/Desktop/Thesis/data_lake/reports/variant_runs/c6_cfg120_fixed_2025/pit_evals_2025_season.jsonl; /home/pitesse/Desktop/Thesis/data_lake/reports/variant_runs/c6_cfg120_fixed_2025/pit_suggestions_2025_season.jsonl
/home/pitesse/Desktop/Thesis/data_lake/reports/phase2b_presentation_figures/final_refresh/pit_success_apples_to_apples.md,True,/home/pitesse/Desktop/Thesis/data_lake/ml_training_dataset_2022_2025_dual_contract.parquet; /home/pitesse/Desktop/Thesis/data_lake/pit_evals_9999_merged_20260508_145741.jsonl; /home/pitesse/Desktop/Thesis/data_lake/reports/final_sde_c6_cfg120_fixed_raw_clean_aggregate_2022_2025.csv; /home/pitesse/Desktop/Thesis/data_lake/reports/ml_phase2b_dual_contract_2022_2025/audits/sde_universe_2022_2025.csv; /home/pitesse/Desktop/Thesis/data_lake/reports/ml_phase2b_dual_contract_2022_2025/frontier/phase2b_threshold_frontier_compact.csv; /home/pitesse/Desktop/Thesis/data_lake/reports/ml_phase2b_dual_contract_2022_2025/oof/e0_no_source_year__target_pit_any_h2_clean_actionable.csv; /home/pitesse/Desktop/Thesis/data_lake/reports/ml_phase2b_dual_contract_2022_2025/oof/e0_no_source_year__target_pit_success_h2_clean_actionable.csv; /home/pitesse/Desktop/Thesis/data_lake/reports/ml_phase2b_dual_contract_2022_2025/oof/p1_percent_conservative_v1__target_pit_any_h2_clean_actionable.csv; /home/pitesse/Desktop/Thesis/data_lake/reports/ml_phase2b_dual_contract_2022_2025/oof/p1_percent_conservative_v1__target_pit_success_h2_clean_actionable.csv; /home/pitesse/Desktop/Thesis/data_lake/reports/ml_phase2b_dual_contract_2022_2025/recommended/phase2b_recommended_operating_points.csv; /home/pitesse/Desktop/Thesis/data_lake/reports/phase2b_presentation_figures/phase2b_figures_manifest.csv; /home/pitesse/Desktop/Thesis/data_lake/reports/phase2b_timing/training_runtime_2022_2025.csv; /home/pitesse/Desktop/Thesis/data_lake/reports/pit_truth_eligibility_audit_2022_c6_cfg120_fixed.csv; /home/pitesse/Desktop/Thesis/data_lake/reports/pit_truth_eligibility_audit_2023_c6_cfg120_fixed.csv; /home/pitesse/Desktop/Thesis/data_lake/reports/pit_truth_eligibility_audit_2024_c6_cfg120_fixed.csv; /home/pitesse/Desktop/Thesis/data_lake/reports/pit_truth_eligibility_audit_2025_c6_cfg120_fixed.csv; /home/pitesse/Desktop/Thesis/data_lake/reports/sml_phase2b_dual_contract_2022_2025/exports/e0_no_source_year__target_pit_success_h2_clean_actionable.csv; /home/pitesse/Desktop/Thesis/data_lake/reports/sml_phase2b_dual_contract_2022_2025/exports/p1_percent_conservative_v1__target_pit_success_h2_clean_actionable.csv; /home/pitesse/Desktop/Thesis/data_lake/reports/sml_phase2b_dual_contract_2022_2025/frontier/phase2b_threshold_frontier_compact.csv; /home/pitesse/Desktop/Thesis/data_lake/reports/sml_phase2b_dual_contract_2022_2025/oof/e0_no_source_year__target_pit_any_h2_clean_actionable.csv; /home/pitesse/Desktop/Thesis/data_lake/reports/sml_phase2b_dual_contract_2022_2025/oof/e0_no_source_year__target_pit_success_h2_clean_actionable.csv; /home/pitesse/Desktop/Thesis/data_lake/reports/sml_phase2b_dual_contract_2022_2025/oof/p1_percent_conservative_v1__target_pit_any_h2_clean_actionable.csv; /home/pitesse/Desktop/Thesis/data_lake/reports/sml_phase2b_dual_contract_2022_2025/oof/p1_percent_conservative_v1__target_pit_success_h2_clean_actionable.csv; /home/pitesse/Desktop/Thesis/data_lake/reports/sml_phase2b_dual_contract_2022_2025/recommended/phase2b_recommended_operating_points.csv; /home/pitesse/Desktop/Thesis/data_lake/reports/variant_runs/c6_cfg120_fixed_2022/pit_evals_2022_season.jsonl; /home/pitesse/Desktop/Thesis/data_lake/reports/variant_runs/c6_cfg120_fixed_2022/pit_suggestions_2022_season.jsonl; /home/pitesse/Desktop/Thesis/data_lake/reports/variant_runs/c6_cfg120_fixed_2023/pit_evals_2023_season.jsonl; /home/pitesse/Desktop/Thesis/data_lake/reports/variant_runs/c6_cfg120_fixed_2023/pit_suggestions_2023_season.jsonl; /home/pitesse/Desktop/Thesis/data_lake/reports/variant_runs/c6_cfg120_fixed_2024/pit_evals_2024_season.jsonl; /home/pitesse/Desktop/Thesis/data_lake/reports/variant_runs/c6_cfg120_fixed_2024/pit_suggestions_2024_season.jsonl; /home/pitesse/Desktop/Thesis/data_lake/reports/variant_runs/c6_cfg120_fixed_2025/pit_evals_2025_season.jsonl; /home/pitesse/Desktop/Thesis/data_lake/reports/variant_runs/c6_cfg120_fixed_2025/pit_suggestions_2025_season.jsonl
/home/pitesse/Desktop/Thesis/data_lake/reports/phase2b_presentation_figures/final_refresh/pit_success_threshold_sensitivity.csv,True,/home/pitesse/Desktop/Thesis/data_lake/ml_training_dataset_2022_2025_dual_contract.parquet; /home/pitesse/Desktop/Thesis/data_lake/pit_evals_9999_merged_20260508_145741.jsonl; /home/pitesse/Desktop/Thesis/data_lake/reports/final_sde_c6_cfg120_fixed_raw_clean_aggregate_2022_2025.csv; /home/pitesse/Desktop/Thesis/data_lake/reports/ml_phase2b_dual_contract_2022_2025/audits/sde_universe_2022_2025.csv; /home/pitesse/Desktop/Thesis/data_lake/reports/ml_phase2b_dual_contract_2022_2025/frontier/phase2b_threshold_frontier_compact.csv; /home/pitesse/Desktop/Thesis/data_lake/reports/ml_phase2b_dual_contract_2022_2025/oof/e0_no_source_year__target_pit_any_h2_clean_actionable.csv; /home/pitesse/Desktop/Thesis/data_lake/reports/ml_phase2b_dual_contract_2022_2025/oof/e0_no_source_year__target_pit_success_h2_clean_actionable.csv; /home/pitesse/Desktop/Thesis/data_lake/reports/ml_phase2b_dual_contract_2022_2025/oof/p1_percent_conservative_v1__target_pit_any_h2_clean_actionable.csv; /home/pitesse/Desktop/Thesis/data_lake/reports/ml_phase2b_dual_contract_2022_2025/oof/p1_percent_conservative_v1__target_pit_success_h2_clean_actionable.csv; /home/pitesse/Desktop/Thesis/data_lake/reports/ml_phase2b_dual_contract_2022_2025/recommended/phase2b_recommended_operating_points.csv; /home/pitesse/Desktop/Thesis/data_lake/reports/phase2b_presentation_figures/phase2b_figures_manifest.csv; /home/pitesse/Desktop/Thesis/data_lake/reports/phase2b_timing/training_runtime_2022_2025.csv; /home/pitesse/Desktop/Thesis/data_lake/reports/pit_truth_eligibility_audit_2022_c6_cfg120_fixed.csv; /home/pitesse/Desktop/Thesis/data_lake/reports/pit_truth_eligibility_audit_2023_c6_cfg120_fixed.csv; /home/pitesse/Desktop/Thesis/data_lake/reports/pit_truth_eligibility_audit_2024_c6_cfg120_fixed.csv; /home/pitesse/Desktop/Thesis/data_lake/reports/pit_truth_eligibility_audit_2025_c6_cfg120_fixed.csv; /home/pitesse/Desktop/Thesis/data_lake/reports/sml_phase2b_dual_contract_2022_2025/exports/e0_no_source_year__target_pit_success_h2_clean_actionable.csv; /home/pitesse/Desktop/Thesis/data_lake/reports/sml_phase2b_dual_contract_2022_2025/exports/p1_percent_conservative_v1__target_pit_success_h2_clean_actionable.csv; /home/pitesse/Desktop/Thesis/data_lake/reports/sml_phase2b_dual_contract_2022_2025/frontier/phase2b_threshold_frontier_compact.csv; /home/pitesse/Desktop/Thesis/data_lake/reports/sml_phase2b_dual_contract_2022_2025/oof/e0_no_source_year__target_pit_any_h2_clean_actionable.csv; /home/pitesse/Desktop/Thesis/data_lake/reports/sml_phase2b_dual_contract_2022_2025/oof/e0_no_source_year__target_pit_success_h2_clean_actionable.csv; /home/pitesse/Desktop/Thesis/data_lake/reports/sml_phase2b_dual_contract_2022_2025/oof/p1_percent_conservative_v1__target_pit_any_h2_clean_actionable.csv; /home/pitesse/Desktop/Thesis/data_lake/reports/sml_phase2b_dual_contract_2022_2025/oof/p1_percent_conservative_v1__target_pit_success_h2_clean_actionable.csv; /home/pitesse/Desktop/Thesis/data_lake/reports/sml_phase2b_dual_contract_2022_2025/recommended/phase2b_recommended_operating_points.csv; /home/pitesse/Desktop/Thesis/data_lake/reports/variant_runs/c6_cfg120_fixed_2022/pit_evals_2022_season.jsonl; /home/pitesse/Desktop/Thesis/data_lake/reports/variant_runs/c6_cfg120_fixed_2022/pit_suggestions_2022_season.jsonl; /home/pitesse/Desktop/Thesis/data_lake/reports/variant_runs/c6_cfg120_fixed_2023/pit_evals_2023_season.jsonl; /home/pitesse/Desktop/Thesis/data_lake/reports/variant_runs/c6_cfg120_fixed_2023/pit_suggestions_2023_season.jsonl; /home/pitesse/Desktop/Thesis/data_lake/reports/variant_runs/c6_cfg120_fixed_2024/pit_evals_2024_season.jsonl; /home/pitesse/Desktop/Thesis/data_lake/reports/variant_runs/c6_cfg120_fixed_2024/pit_suggestions_2024_season.jsonl; /home/pitesse/Desktop/Thesis/data_lake/reports/variant_runs/c6_cfg120_fixed_2025/pit_evals_2025_season.jsonl; /home/pitesse/Desktop/Thesis/data_lake/reports/variant_runs/c6_cfg120_fixed_2025/pit_suggestions_2025_season.jsonl
/home/pitesse/Desktop/Thesis/data_lake/reports/phase2b_presentation_figures/final_refresh/pit_success_threshold_sensitivity.md,True,/home/pitesse/Desktop/Thesis/data_lake/ml_training_dataset_2022_2025_dual_contract.parquet; /home/pitesse/Desktop/Thesis/data_lake/pit_evals_9999_merged_20260508_145741.jsonl; /home/pitesse/Desktop/Thesis/data_lake/reports/final_sde_c6_cfg120_fixed_raw_clean_aggregate_2022_2025.csv; /home/pitesse/Desktop/Thesis/data_lake/reports/ml_phase2b_dual_contract_2022_2025/audits/sde_universe_2022_2025.csv; /home/pitesse/Desktop/Thesis/data_lake/reports/ml_phase2b_dual_contract_2022_2025/frontier/phase2b_threshold_frontier_compact.csv; /home/pitesse/Desktop/Thesis/data_lake/reports/ml_phase2b_dual_contract_2022_2025/oof/e0_no_source_year__target_pit_any_h2_clean_actionable.csv; /home/pitesse/Desktop/Thesis/data_lake/reports/ml_phase2b_dual_contract_2022_2025/oof/e0_no_source_year__target_pit_success_h2_clean_actionable.csv; /home/pitesse/Desktop/Thesis/data_lake/reports/ml_phase2b_dual_contract_2022_2025/oof/p1_percent_conservative_v1__target_pit_any_h2_clean_actionable.csv; /home/pitesse/Desktop/Thesis/data_lake/reports/ml_phase2b_dual_contract_2022_2025/oof/p1_percent_conservative_v1__target_pit_success_h2_clean_actionable.csv; /home/pitesse/Desktop/Thesis/data_lake/reports/ml_phase2b_dual_contract_2022_2025/recommended/phase2b_recommended_operating_points.csv; /home/pitesse/Desktop/Thesis/data_lake/reports/phase2b_presentation_figures/phase2b_figures_manifest.csv; /home/pitesse/Desktop/Thesis/data_lake/reports/phase2b_timing/training_runtime_2022_2025.csv; /home/pitesse/Desktop/Thesis/data_lake/reports/pit_truth_eligibility_audit_2022_c6_cfg120_fixed.csv; /home/pitesse/Desktop/Thesis/data_lake/reports/pit_truth_eligibility_audit_2023_c6_cfg120_fixed.csv; /home/pitesse/Desktop/Thesis/data_lake/reports/pit_truth_eligibility_audit_2024_c6_cfg120_fixed.csv; /home/pitesse/Desktop/Thesis/data_lake/reports/pit_truth_eligibility_audit_2025_c6_cfg120_fixed.csv; /home/pitesse/Desktop/Thesis/data_lake/reports/sml_phase2b_dual_contract_2022_2025/exports/e0_no_source_year__target_pit_success_h2_clean_actionable.csv; /home/pitesse/Desktop/Thesis/data_lake/reports/sml_phase2b_dual_contract_2022_2025/exports/p1_percent_conservative_v1__target_pit_success_h2_clean_actionable.csv; /home/pitesse/Desktop/Thesis/data_lake/reports/sml_phase2b_dual_contract_2022_2025/frontier/phase2b_threshold_frontier_compact.csv; /home/pitesse/Desktop/Thesis/data_lake/reports/sml_phase2b_dual_contract_2022_2025/oof/e0_no_source_year__target_pit_any_h2_clean_actionable.csv; /home/pitesse/Desktop/Thesis/data_lake/reports/sml_phase2b_dual_contract_2022_2025/oof/e0_no_source_year__target_pit_success_h2_clean_actionable.csv; /home/pitesse/Desktop/Thesis/data_lake/reports/sml_phase2b_dual_contract_2022_2025/oof/p1_percent_conservative_v1__target_pit_any_h2_clean_actionable.csv; /home/pitesse/Desktop/Thesis/data_lake/reports/sml_phase2b_dual_contract_2022_2025/oof/p1_percent_conservative_v1__target_pit_success_h2_clean_actionable.csv; /home/pitesse/Desktop/Thesis/data_lake/reports/sml_phase2b_dual_contract_2022_2025/recommended/phase2b_recommended_operating_points.csv; /home/pitesse/Desktop/Thesis/data_lake/reports/variant_runs/c6_cfg120_fixed_2022/pit_evals_2022_season.jsonl; /home/pitesse/Desktop/Thesis/data_lake/reports/variant_runs/c6_cfg120_fixed_2022/pit_suggestions_2022_season.jsonl; /home/pitesse/Desktop/Thesis/data_lake/reports/variant_runs/c6_cfg120_fixed_2023/pit_evals_2023_season.jsonl; /home/pitesse/Desktop/Thesis/data_lake/reports/variant_runs/c6_cfg120_fixed_2023/pit_suggestions_2023_season.jsonl; /home/pitesse/Desktop/Thesis/data_lake/reports/variant_runs/c6_cfg120_fixed_2024/pit_evals_2024_season.jsonl; /home/pitesse/Desktop/Thesis/data_lake/reports/variant_runs/c6_cfg120_fixed_2024/pit_suggestions_2024_season.jsonl; /home/pitesse/Desktop/Thesis/data_lake/reports/variant_runs/c6_cfg120_fixed_2025/pit_evals_2025_season.jsonl; /home/pitesse/Desktop/Thesis/data_lake/reports/variant_runs/c6_cfg120_fixed_2025/pit_suggestions_2025_season.jsonl
/home/pitesse/Desktop/Thesis/data_lake/reports/phase2b_presentation_figures/final_refresh/training_runtime_slide_table.csv,True,/home/pitesse/Desktop/Thesis/data_lake/ml_training_dataset_2022_2025_dual_contract.parquet; /home/pitesse/Desktop/Thesis/data_lake/pit_evals_9999_merged_20260508_145741.jsonl; /home/pitesse/Desktop/Thesis/data_lake/reports/final_sde_c6_cfg120_fixed_raw_clean_aggregate_2022_2025.csv; /home/pitesse/Desktop/Thesis/data_lake/reports/ml_phase2b_dual_contract_2022_2025/audits/sde_universe_2022_2025.csv; /home/pitesse/Desktop/Thesis/data_lake/reports/ml_phase2b_dual_contract_2022_2025/frontier/phase2b_threshold_frontier_compact.csv; /home/pitesse/Desktop/Thesis/data_lake/reports/ml_phase2b_dual_contract_2022_2025/oof/e0_no_source_year__target_pit_any_h2_clean_actionable.csv; /home/pitesse/Desktop/Thesis/data_lake/reports/ml_phase2b_dual_contract_2022_2025/oof/e0_no_source_year__target_pit_success_h2_clean_actionable.csv; /home/pitesse/Desktop/Thesis/data_lake/reports/ml_phase2b_dual_contract_2022_2025/oof/p1_percent_conservative_v1__target_pit_any_h2_clean_actionable.csv; /home/pitesse/Desktop/Thesis/data_lake/reports/ml_phase2b_dual_contract_2022_2025/oof/p1_percent_conservative_v1__target_pit_success_h2_clean_actionable.csv; /home/pitesse/Desktop/Thesis/data_lake/reports/ml_phase2b_dual_contract_2022_2025/recommended/phase2b_recommended_operating_points.csv; /home/pitesse/Desktop/Thesis/data_lake/reports/phase2b_presentation_figures/phase2b_figures_manifest.csv; /home/pitesse/Desktop/Thesis/data_lake/reports/phase2b_timing/training_runtime_2022_2025.csv; /home/pitesse/Desktop/Thesis/data_lake/reports/pit_truth_eligibility_audit_2022_c6_cfg120_fixed.csv; /home/pitesse/Desktop/Thesis/data_lake/reports/pit_truth_eligibility_audit_2023_c6_cfg120_fixed.csv; /home/pitesse/Desktop/Thesis/data_lake/reports/pit_truth_eligibility_audit_2024_c6_cfg120_fixed.csv; /home/pitesse/Desktop/Thesis/data_lake/reports/pit_truth_eligibility_audit_2025_c6_cfg120_fixed.csv; /home/pitesse/Desktop/Thesis/data_lake/reports/sml_phase2b_dual_contract_2022_2025/exports/e0_no_source_year__target_pit_success_h2_clean_actionable.csv; /home/pitesse/Desktop/Thesis/data_lake/reports/sml_phase2b_dual_contract_2022_2025/exports/p1_percent_conservative_v1__target_pit_success_h2_clean_actionable.csv; /home/pitesse/Desktop/Thesis/data_lake/reports/sml_phase2b_dual_contract_2022_2025/frontier/phase2b_threshold_frontier_compact.csv; /home/pitesse/Desktop/Thesis/data_lake/reports/sml_phase2b_dual_contract_2022_2025/oof/e0_no_source_year__target_pit_any_h2_clean_actionable.csv; /home/pitesse/Desktop/Thesis/data_lake/reports/sml_phase2b_dual_contract_2022_2025/oof/e0_no_source_year__target_pit_success_h2_clean_actionable.csv; /home/pitesse/Desktop/Thesis/data_lake/reports/sml_phase2b_dual_contract_2022_2025/oof/p1_percent_conservative_v1__target_pit_any_h2_clean_actionable.csv; /home/pitesse/Desktop/Thesis/data_lake/reports/sml_phase2b_dual_contract_2022_2025/oof/p1_percent_conservative_v1__target_pit_success_h2_clean_actionable.csv; /home/pitesse/Desktop/Thesis/data_lake/reports/sml_phase2b_dual_contract_2022_2025/recommended/phase2b_recommended_operating_points.csv; /home/pitesse/Desktop/Thesis/data_lake/reports/variant_runs/c6_cfg120_fixed_2022/pit_evals_2022_season.jsonl; /home/pitesse/Desktop/Thesis/data_lake/reports/variant_runs/c6_cfg120_fixed_2022/pit_suggestions_2022_season.jsonl; /home/pitesse/Desktop/Thesis/data_lake/reports/variant_runs/c6_cfg120_fixed_2023/pit_evals_2023_season.jsonl; /home/pitesse/Desktop/Thesis/data_lake/reports/variant_runs/c6_cfg120_fixed_2023/pit_suggestions_2023_season.jsonl; /home/pitesse/Desktop/Thesis/data_lake/reports/variant_runs/c6_cfg120_fixed_2024/pit_evals_2024_season.jsonl; /home/pitesse/Desktop/Thesis/data_lake/reports/variant_runs/c6_cfg120_fixed_2024/pit_suggestions_2024_season.jsonl; /home/pitesse/Desktop/Thesis/data_lake/reports/variant_runs/c6_cfg120_fixed_2025/pit_evals_2025_season.jsonl; /home/pitesse/Desktop/Thesis/data_lake/reports/variant_runs/c6_cfg120_fixed_2025/pit_suggestions_2025_season.jsonl
/home/pitesse/Desktop/Thesis/data_lake/reports/phase2b_presentation_figures/final_refresh/training_runtime_slide_table.md,True,/home/pitesse/Desktop/Thesis/data_lake/ml_training_dataset_2022_2025_dual_contract.parquet; /home/pitesse/Desktop/Thesis/data_lake/pit_evals_9999_merged_20260508_145741.jsonl; /home/pitesse/Desktop/Thesis/data_lake/reports/final_sde_c6_cfg120_fixed_raw_clean_aggregate_2022_2025.csv; /home/pitesse/Desktop/Thesis/data_lake/reports/ml_phase2b_dual_contract_2022_2025/audits/sde_universe_2022_2025.csv; /home/pitesse/Desktop/Thesis/data_lake/reports/ml_phase2b_dual_contract_2022_2025/frontier/phase2b_threshold_frontier_compact.csv; /home/pitesse/Desktop/Thesis/data_lake/reports/ml_phase2b_dual_contract_2022_2025/oof/e0_no_source_year__target_pit_any_h2_clean_actionable.csv; /home/pitesse/Desktop/Thesis/data_lake/reports/ml_phase2b_dual_contract_2022_2025/oof/e0_no_source_year__target_pit_success_h2_clean_actionable.csv; /home/pitesse/Desktop/Thesis/data_lake/reports/ml_phase2b_dual_contract_2022_2025/oof/p1_percent_conservative_v1__target_pit_any_h2_clean_actionable.csv; /home/pitesse/Desktop/Thesis/data_lake/reports/ml_phase2b_dual_contract_2022_2025/oof/p1_percent_conservative_v1__target_pit_success_h2_clean_actionable.csv; /home/pitesse/Desktop/Thesis/data_lake/reports/ml_phase2b_dual_contract_2022_2025/recommended/phase2b_recommended_operating_points.csv; /home/pitesse/Desktop/Thesis/data_lake/reports/phase2b_presentation_figures/phase2b_figures_manifest.csv; /home/pitesse/Desktop/Thesis/data_lake/reports/phase2b_timing/training_runtime_2022_2025.csv; /home/pitesse/Desktop/Thesis/data_lake/reports/pit_truth_eligibility_audit_2022_c6_cfg120_fixed.csv; /home/pitesse/Desktop/Thesis/data_lake/reports/pit_truth_eligibility_audit_2023_c6_cfg120_fixed.csv; /home/pitesse/Desktop/Thesis/data_lake/reports/pit_truth_eligibility_audit_2024_c6_cfg120_fixed.csv; /home/pitesse/Desktop/Thesis/data_lake/reports/pit_truth_eligibility_audit_2025_c6_cfg120_fixed.csv; /home/pitesse/Desktop/Thesis/data_lake/reports/sml_phase2b_dual_contract_2022_2025/exports/e0_no_source_year__target_pit_success_h2_clean_actionable.csv; /home/pitesse/Desktop/Thesis/data_lake/reports/sml_phase2b_dual_contract_2022_2025/exports/p1_percent_conservative_v1__target_pit_success_h2_clean_actionable.csv; /home/pitesse/Desktop/Thesis/data_lake/reports/sml_phase2b_dual_contract_2022_2025/frontier/phase2b_threshold_frontier_compact.csv; /home/pitesse/Desktop/Thesis/data_lake/reports/sml_phase2b_dual_contract_2022_2025/oof/e0_no_source_year__target_pit_any_h2_clean_actionable.csv; /home/pitesse/Desktop/Thesis/data_lake/reports/sml_phase2b_dual_contract_2022_2025/oof/e0_no_source_year__target_pit_success_h2_clean_actionable.csv; /home/pitesse/Desktop/Thesis/data_lake/reports/sml_phase2b_dual_contract_2022_2025/oof/p1_percent_conservative_v1__target_pit_any_h2_clean_actionable.csv; /home/pitesse/Desktop/Thesis/data_lake/reports/sml_phase2b_dual_contract_2022_2025/oof/p1_percent_conservative_v1__target_pit_success_h2_clean_actionable.csv; /home/pitesse/Desktop/Thesis/data_lake/reports/sml_phase2b_dual_contract_2022_2025/recommended/phase2b_recommended_operating_points.csv; /home/pitesse/Desktop/Thesis/data_lake/reports/variant_runs/c6_cfg120_fixed_2022/pit_evals_2022_season.jsonl; /home/pitesse/Desktop/Thesis/data_lake/reports/variant_runs/c6_cfg120_fixed_2022/pit_suggestions_2022_season.jsonl; /home/pitesse/Desktop/Thesis/data_lake/reports/variant_runs/c6_cfg120_fixed_2023/pit_evals_2023_season.jsonl; /home/pitesse/Desktop/Thesis/data_lake/reports/variant_runs/c6_cfg120_fixed_2023/pit_suggestions_2023_season.jsonl; /home/pitesse/Desktop/Thesis/data_lake/reports/variant_runs/c6_cfg120_fixed_2024/pit_evals_2024_season.jsonl; /home/pitesse/Desktop/Thesis/data_lake/reports/variant_runs/c6_cfg120_fixed_2024/pit_suggestions_2024_season.jsonl; /home/pitesse/Desktop/Thesis/data_lake/reports/variant_runs/c6_cfg120_fixed_2025/pit_evals_2025_season.jsonl; /home/pitesse/Desktop/Thesis/data_lake/reports/variant_runs/c6_cfg120_fixed_2025/pit_suggestions_2025_season.jsonl
/home/pitesse/Desktop/Thesis/data_lake/reports/phase2b_presentation_figures/final_refresh/race_level_support_diagnostics.csv,True,/home/pitesse/Desktop/Thesis/data_lake/ml_training_dataset_2022_2025_dual_contract.parquet; /home/pitesse/Desktop/Thesis/data_lake/pit_evals_9999_merged_20260508_145741.jsonl; /home/pitesse/Desktop/Thesis/data_lake/reports/final_sde_c6_cfg120_fixed_raw_clean_aggregate_2022_2025.csv; /home/pitesse/Desktop/Thesis/data_lake/reports/ml_phase2b_dual_contract_2022_2025/audits/sde_universe_2022_2025.csv; /home/pitesse/Desktop/Thesis/data_lake/reports/ml_phase2b_dual_contract_2022_2025/frontier/phase2b_threshold_frontier_compact.csv; /home/pitesse/Desktop/Thesis/data_lake/reports/ml_phase2b_dual_contract_2022_2025/oof/e0_no_source_year__target_pit_any_h2_clean_actionable.csv; /home/pitesse/Desktop/Thesis/data_lake/reports/ml_phase2b_dual_contract_2022_2025/oof/e0_no_source_year__target_pit_success_h2_clean_actionable.csv; /home/pitesse/Desktop/Thesis/data_lake/reports/ml_phase2b_dual_contract_2022_2025/oof/p1_percent_conservative_v1__target_pit_any_h2_clean_actionable.csv; /home/pitesse/Desktop/Thesis/data_lake/reports/ml_phase2b_dual_contract_2022_2025/oof/p1_percent_conservative_v1__target_pit_success_h2_clean_actionable.csv; /home/pitesse/Desktop/Thesis/data_lake/reports/ml_phase2b_dual_contract_2022_2025/recommended/phase2b_recommended_operating_points.csv; /home/pitesse/Desktop/Thesis/data_lake/reports/phase2b_presentation_figures/phase2b_figures_manifest.csv; /home/pitesse/Desktop/Thesis/data_lake/reports/phase2b_timing/training_runtime_2022_2025.csv; /home/pitesse/Desktop/Thesis/data_lake/reports/pit_truth_eligibility_audit_2022_c6_cfg120_fixed.csv; /home/pitesse/Desktop/Thesis/data_lake/reports/pit_truth_eligibility_audit_2023_c6_cfg120_fixed.csv; /home/pitesse/Desktop/Thesis/data_lake/reports/pit_truth_eligibility_audit_2024_c6_cfg120_fixed.csv; /home/pitesse/Desktop/Thesis/data_lake/reports/pit_truth_eligibility_audit_2025_c6_cfg120_fixed.csv; /home/pitesse/Desktop/Thesis/data_lake/reports/sml_phase2b_dual_contract_2022_2025/exports/e0_no_source_year__target_pit_success_h2_clean_actionable.csv; /home/pitesse/Desktop/Thesis/data_lake/reports/sml_phase2b_dual_contract_2022_2025/exports/p1_percent_conservative_v1__target_pit_success_h2_clean_actionable.csv; /home/pitesse/Desktop/Thesis/data_lake/reports/sml_phase2b_dual_contract_2022_2025/frontier/phase2b_threshold_frontier_compact.csv; /home/pitesse/Desktop/Thesis/data_lake/reports/sml_phase2b_dual_contract_2022_2025/oof/e0_no_source_year__target_pit_any_h2_clean_actionable.csv; /home/pitesse/Desktop/Thesis/data_lake/reports/sml_phase2b_dual_contract_2022_2025/oof/e0_no_source_year__target_pit_success_h2_clean_actionable.csv; /home/pitesse/Desktop/Thesis/data_lake/reports/sml_phase2b_dual_contract_2022_2025/oof/p1_percent_conservative_v1__target_pit_any_h2_clean_actionable.csv; /home/pitesse/Desktop/Thesis/data_lake/reports/sml_phase2b_dual_contract_2022_2025/oof/p1_percent_conservative_v1__target_pit_success_h2_clean_actionable.csv; /home/pitesse/Desktop/Thesis/data_lake/reports/sml_phase2b_dual_contract_2022_2025/recommended/phase2b_recommended_operating_points.csv; /home/pitesse/Desktop/Thesis/data_lake/reports/variant_runs/c6_cfg120_fixed_2022/pit_evals_2022_season.jsonl; /home/pitesse/Desktop/Thesis/data_lake/reports/variant_runs/c6_cfg120_fixed_2022/pit_suggestions_2022_season.jsonl; /home/pitesse/Desktop/Thesis/data_lake/reports/variant_runs/c6_cfg120_fixed_2023/pit_evals_2023_season.jsonl; /home/pitesse/Desktop/Thesis/data_lake/reports/variant_runs/c6_cfg120_fixed_2023/pit_suggestions_2023_season.jsonl; /home/pitesse/Desktop/Thesis/data_lake/reports/variant_runs/c6_cfg120_fixed_2024/pit_evals_2024_season.jsonl; /home/pitesse/Desktop/Thesis/data_lake/reports/variant_runs/c6_cfg120_fixed_2024/pit_suggestions_2024_season.jsonl; /home/pitesse/Desktop/Thesis/data_lake/reports/variant_runs/c6_cfg120_fixed_2025/pit_evals_2025_season.jsonl; /home/pitesse/Desktop/Thesis/data_lake/reports/variant_runs/c6_cfg120_fixed_2025/pit_suggestions_2025_season.jsonl
/home/pitesse/Desktop/Thesis/data_lake/reports/phase2b_presentation_figures/final_refresh/race_level_support_diagnostics.md,True,/home/pitesse/Desktop/Thesis/data_lake/ml_training_dataset_2022_2025_dual_contract.parquet; /home/pitesse/Desktop/Thesis/data_lake/pit_evals_9999_merged_20260508_145741.jsonl; /home/pitesse/Desktop/Thesis/data_lake/reports/final_sde_c6_cfg120_fixed_raw_clean_aggregate_2022_2025.csv; /home/pitesse/Desktop/Thesis/data_lake/reports/ml_phase2b_dual_contract_2022_2025/audits/sde_universe_2022_2025.csv; /home/pitesse/Desktop/Thesis/data_lake/reports/ml_phase2b_dual_contract_2022_2025/frontier/phase2b_threshold_frontier_compact.csv; /home/pitesse/Desktop/Thesis/data_lake/reports/ml_phase2b_dual_contract_2022_2025/oof/e0_no_source_year__target_pit_any_h2_clean_actionable.csv; /home/pitesse/Desktop/Thesis/data_lake/reports/ml_phase2b_dual_contract_2022_2025/oof/e0_no_source_year__target_pit_success_h2_clean_actionable.csv; /home/pitesse/Desktop/Thesis/data_lake/reports/ml_phase2b_dual_contract_2022_2025/oof/p1_percent_conservative_v1__target_pit_any_h2_clean_actionable.csv; /home/pitesse/Desktop/Thesis/data_lake/reports/ml_phase2b_dual_contract_2022_2025/oof/p1_percent_conservative_v1__target_pit_success_h2_clean_actionable.csv; /home/pitesse/Desktop/Thesis/data_lake/reports/ml_phase2b_dual_contract_2022_2025/recommended/phase2b_recommended_operating_points.csv; /home/pitesse/Desktop/Thesis/data_lake/reports/phase2b_presentation_figures/phase2b_figures_manifest.csv; /home/pitesse/Desktop/Thesis/data_lake/reports/phase2b_timing/training_runtime_2022_2025.csv; /home/pitesse/Desktop/Thesis/data_lake/reports/pit_truth_eligibility_audit_2022_c6_cfg120_fixed.csv; /home/pitesse/Desktop/Thesis/data_lake/reports/pit_truth_eligibility_audit_2023_c6_cfg120_fixed.csv; /home/pitesse/Desktop/Thesis/data_lake/reports/pit_truth_eligibility_audit_2024_c6_cfg120_fixed.csv; /home/pitesse/Desktop/Thesis/data_lake/reports/pit_truth_eligibility_audit_2025_c6_cfg120_fixed.csv; /home/pitesse/Desktop/Thesis/data_lake/reports/sml_phase2b_dual_contract_2022_2025/exports/e0_no_source_year__target_pit_success_h2_clean_actionable.csv; /home/pitesse/Desktop/Thesis/data_lake/reports/sml_phase2b_dual_contract_2022_2025/exports/p1_percent_conservative_v1__target_pit_success_h2_clean_actionable.csv; /home/pitesse/Desktop/Thesis/data_lake/reports/sml_phase2b_dual_contract_2022_2025/frontier/phase2b_threshold_frontier_compact.csv; /home/pitesse/Desktop/Thesis/data_lake/reports/sml_phase2b_dual_contract_2022_2025/oof/e0_no_source_year__target_pit_any_h2_clean_actionable.csv; /home/pitesse/Desktop/Thesis/data_lake/reports/sml_phase2b_dual_contract_2022_2025/oof/e0_no_source_year__target_pit_success_h2_clean_actionable.csv; /home/pitesse/Desktop/Thesis/data_lake/reports/sml_phase2b_dual_contract_2022_2025/oof/p1_percent_conservative_v1__target_pit_any_h2_clean_actionable.csv; /home/pitesse/Desktop/Thesis/data_lake/reports/sml_phase2b_dual_contract_2022_2025/oof/p1_percent_conservative_v1__target_pit_success_h2_clean_actionable.csv; /home/pitesse/Desktop/Thesis/data_lake/reports/sml_phase2b_dual_contract_2022_2025/recommended/phase2b_recommended_operating_points.csv; /home/pitesse/Desktop/Thesis/data_lake/reports/variant_runs/c6_cfg120_fixed_2022/pit_evals_2022_season.jsonl; /home/pitesse/Desktop/Thesis/data_lake/reports/variant_runs/c6_cfg120_fixed_2022/pit_suggestions_2022_season.jsonl; /home/pitesse/Desktop/Thesis/data_lake/reports/variant_runs/c6_cfg120_fixed_2023/pit_evals_2023_season.jsonl; /home/pitesse/Desktop/Thesis/data_lake/reports/variant_runs/c6_cfg120_fixed_2023/pit_suggestions_2023_season.jsonl; /home/pitesse/Desktop/Thesis/data_lake/reports/variant_runs/c6_cfg120_fixed_2024/pit_evals_2024_season.jsonl; /home/pitesse/Desktop/Thesis/data_lake/reports/variant_runs/c6_cfg120_fixed_2024/pit_suggestions_2024_season.jsonl; /home/pitesse/Desktop/Thesis/data_lake/reports/variant_runs/c6_cfg120_fixed_2025/pit_evals_2025_season.jsonl; /home/pitesse/Desktop/Thesis/data_lake/reports/variant_runs/c6_cfg120_fixed_2025/pit_suggestions_2025_season.jsonl
/home/pitesse/Desktop/Thesis/data_lake/reports/phase2b_presentation_figures/final_refresh/pit_any_headline_comparison.png,True,/home/pitesse/Desktop/Thesis/data_lake/ml_training_dataset_2022_2025_dual_contract.parquet; /home/pitesse/Desktop/Thesis/data_lake/pit_evals_9999_merged_20260508_145741.jsonl; /home/pitesse/Desktop/Thesis/data_lake/reports/final_sde_c6_cfg120_fixed_raw_clean_aggregate_2022_2025.csv; /home/pitesse/Desktop/Thesis/data_lake/reports/ml_phase2b_dual_contract_2022_2025/audits/sde_universe_2022_2025.csv; /home/pitesse/Desktop/Thesis/data_lake/reports/ml_phase2b_dual_contract_2022_2025/frontier/phase2b_threshold_frontier_compact.csv; /home/pitesse/Desktop/Thesis/data_lake/reports/ml_phase2b_dual_contract_2022_2025/oof/e0_no_source_year__target_pit_any_h2_clean_actionable.csv; /home/pitesse/Desktop/Thesis/data_lake/reports/ml_phase2b_dual_contract_2022_2025/oof/e0_no_source_year__target_pit_success_h2_clean_actionable.csv; /home/pitesse/Desktop/Thesis/data_lake/reports/ml_phase2b_dual_contract_2022_2025/oof/p1_percent_conservative_v1__target_pit_any_h2_clean_actionable.csv; /home/pitesse/Desktop/Thesis/data_lake/reports/ml_phase2b_dual_contract_2022_2025/oof/p1_percent_conservative_v1__target_pit_success_h2_clean_actionable.csv; /home/pitesse/Desktop/Thesis/data_lake/reports/ml_phase2b_dual_contract_2022_2025/recommended/phase2b_recommended_operating_points.csv; /home/pitesse/Desktop/Thesis/data_lake/reports/phase2b_presentation_figures/phase2b_figures_manifest.csv; /home/pitesse/Desktop/Thesis/data_lake/reports/phase2b_timing/training_runtime_2022_2025.csv; /home/pitesse/Desktop/Thesis/data_lake/reports/pit_truth_eligibility_audit_2022_c6_cfg120_fixed.csv; /home/pitesse/Desktop/Thesis/data_lake/reports/pit_truth_eligibility_audit_2023_c6_cfg120_fixed.csv; /home/pitesse/Desktop/Thesis/data_lake/reports/pit_truth_eligibility_audit_2024_c6_cfg120_fixed.csv; /home/pitesse/Desktop/Thesis/data_lake/reports/pit_truth_eligibility_audit_2025_c6_cfg120_fixed.csv; /home/pitesse/Desktop/Thesis/data_lake/reports/sml_phase2b_dual_contract_2022_2025/exports/e0_no_source_year__target_pit_success_h2_clean_actionable.csv; /home/pitesse/Desktop/Thesis/data_lake/reports/sml_phase2b_dual_contract_2022_2025/exports/p1_percent_conservative_v1__target_pit_success_h2_clean_actionable.csv; /home/pitesse/Desktop/Thesis/data_lake/reports/sml_phase2b_dual_contract_2022_2025/frontier/phase2b_threshold_frontier_compact.csv; /home/pitesse/Desktop/Thesis/data_lake/reports/sml_phase2b_dual_contract_2022_2025/oof/e0_no_source_year__target_pit_any_h2_clean_actionable.csv; /home/pitesse/Desktop/Thesis/data_lake/reports/sml_phase2b_dual_contract_2022_2025/oof/e0_no_source_year__target_pit_success_h2_clean_actionable.csv; /home/pitesse/Desktop/Thesis/data_lake/reports/sml_phase2b_dual_contract_2022_2025/oof/p1_percent_conservative_v1__target_pit_any_h2_clean_actionable.csv; /home/pitesse/Desktop/Thesis/data_lake/reports/sml_phase2b_dual_contract_2022_2025/oof/p1_percent_conservative_v1__target_pit_success_h2_clean_actionable.csv; /home/pitesse/Desktop/Thesis/data_lake/reports/sml_phase2b_dual_contract_2022_2025/recommended/phase2b_recommended_operating_points.csv; /home/pitesse/Desktop/Thesis/data_lake/reports/variant_runs/c6_cfg120_fixed_2022/pit_evals_2022_season.jsonl; /home/pitesse/Desktop/Thesis/data_lake/reports/variant_runs/c6_cfg120_fixed_2022/pit_suggestions_2022_season.jsonl; /home/pitesse/Desktop/Thesis/data_lake/reports/variant_runs/c6_cfg120_fixed_2023/pit_evals_2023_season.jsonl; /home/pitesse/Desktop/Thesis/data_lake/reports/variant_runs/c6_cfg120_fixed_2023/pit_suggestions_2023_season.jsonl; /home/pitesse/Desktop/Thesis/data_lake/reports/variant_runs/c6_cfg120_fixed_2024/pit_evals_2024_season.jsonl; /home/pitesse/Desktop/Thesis/data_lake/reports/variant_runs/c6_cfg120_fixed_2024/pit_suggestions_2024_season.jsonl; /home/pitesse/Desktop/Thesis/data_lake/reports/variant_runs/c6_cfg120_fixed_2025/pit_evals_2025_season.jsonl; /home/pitesse/Desktop/Thesis/data_lake/reports/variant_runs/c6_cfg120_fixed_2025/pit_suggestions_2025_season.jsonl
/home/pitesse/Desktop/Thesis/data_lake/reports/phase2b_presentation_figures/final_refresh/pit_any_headline_comparison.pdf,True,/home/pitesse/Desktop/Thesis/data_lake/ml_training_dataset_2022_2025_dual_contract.parquet; /home/pitesse/Desktop/Thesis/data_lake/pit_evals_9999_merged_20260508_145741.jsonl; /home/pitesse/Desktop/Thesis/data_lake/reports/final_sde_c6_cfg120_fixed_raw_clean_aggregate_2022_2025.csv; /home/pitesse/Desktop/Thesis/data_lake/reports/ml_phase2b_dual_contract_2022_2025/audits/sde_universe_2022_2025.csv; /home/pitesse/Desktop/Thesis/data_lake/reports/ml_phase2b_dual_contract_2022_2025/frontier/phase2b_threshold_frontier_compact.csv; /home/pitesse/Desktop/Thesis/data_lake/reports/ml_phase2b_dual_contract_2022_2025/oof/e0_no_source_year__target_pit_any_h2_clean_actionable.csv; /home/pitesse/Desktop/Thesis/data_lake/reports/ml_phase2b_dual_contract_2022_2025/oof/e0_no_source_year__target_pit_success_h2_clean_actionable.csv; /home/pitesse/Desktop/Thesis/data_lake/reports/ml_phase2b_dual_contract_2022_2025/oof/p1_percent_conservative_v1__target_pit_any_h2_clean_actionable.csv; /home/pitesse/Desktop/Thesis/data_lake/reports/ml_phase2b_dual_contract_2022_2025/oof/p1_percent_conservative_v1__target_pit_success_h2_clean_actionable.csv; /home/pitesse/Desktop/Thesis/data_lake/reports/ml_phase2b_dual_contract_2022_2025/recommended/phase2b_recommended_operating_points.csv; /home/pitesse/Desktop/Thesis/data_lake/reports/phase2b_presentation_figures/phase2b_figures_manifest.csv; /home/pitesse/Desktop/Thesis/data_lake/reports/phase2b_timing/training_runtime_2022_2025.csv; /home/pitesse/Desktop/Thesis/data_lake/reports/pit_truth_eligibility_audit_2022_c6_cfg120_fixed.csv; /home/pitesse/Desktop/Thesis/data_lake/reports/pit_truth_eligibility_audit_2023_c6_cfg120_fixed.csv; /home/pitesse/Desktop/Thesis/data_lake/reports/pit_truth_eligibility_audit_2024_c6_cfg120_fixed.csv; /home/pitesse/Desktop/Thesis/data_lake/reports/pit_truth_eligibility_audit_2025_c6_cfg120_fixed.csv; /home/pitesse/Desktop/Thesis/data_lake/reports/sml_phase2b_dual_contract_2022_2025/exports/e0_no_source_year__target_pit_success_h2_clean_actionable.csv; /home/pitesse/Desktop/Thesis/data_lake/reports/sml_phase2b_dual_contract_2022_2025/exports/p1_percent_conservative_v1__target_pit_success_h2_clean_actionable.csv; /home/pitesse/Desktop/Thesis/data_lake/reports/sml_phase2b_dual_contract_2022_2025/frontier/phase2b_threshold_frontier_compact.csv; /home/pitesse/Desktop/Thesis/data_lake/reports/sml_phase2b_dual_contract_2022_2025/oof/e0_no_source_year__target_pit_any_h2_clean_actionable.csv; /home/pitesse/Desktop/Thesis/data_lake/reports/sml_phase2b_dual_contract_2022_2025/oof/e0_no_source_year__target_pit_success_h2_clean_actionable.csv; /home/pitesse/Desktop/Thesis/data_lake/reports/sml_phase2b_dual_contract_2022_2025/oof/p1_percent_conservative_v1__target_pit_any_h2_clean_actionable.csv; /home/pitesse/Desktop/Thesis/data_lake/reports/sml_phase2b_dual_contract_2022_2025/oof/p1_percent_conservative_v1__target_pit_success_h2_clean_actionable.csv; /home/pitesse/Desktop/Thesis/data_lake/reports/sml_phase2b_dual_contract_2022_2025/recommended/phase2b_recommended_operating_points.csv; /home/pitesse/Desktop/Thesis/data_lake/reports/variant_runs/c6_cfg120_fixed_2022/pit_evals_2022_season.jsonl; /home/pitesse/Desktop/Thesis/data_lake/reports/variant_runs/c6_cfg120_fixed_2022/pit_suggestions_2022_season.jsonl; /home/pitesse/Desktop/Thesis/data_lake/reports/variant_runs/c6_cfg120_fixed_2023/pit_evals_2023_season.jsonl; /home/pitesse/Desktop/Thesis/data_lake/reports/variant_runs/c6_cfg120_fixed_2023/pit_suggestions_2023_season.jsonl; /home/pitesse/Desktop/Thesis/data_lake/reports/variant_runs/c6_cfg120_fixed_2024/pit_evals_2024_season.jsonl; /home/pitesse/Desktop/Thesis/data_lake/reports/variant_runs/c6_cfg120_fixed_2024/pit_suggestions_2024_season.jsonl; /home/pitesse/Desktop/Thesis/data_lake/reports/variant_runs/c6_cfg120_fixed_2025/pit_evals_2025_season.jsonl; /home/pitesse/Desktop/Thesis/data_lake/reports/variant_runs/c6_cfg120_fixed_2025/pit_suggestions_2025_season.jsonl
/home/pitesse/Desktop/Thesis/data_lake/reports/phase2b_presentation_figures/final_refresh/pit_success_apples_to_apples_main.png,True,/home/pitesse/Desktop/Thesis/data_lake/ml_training_dataset_2022_2025_dual_contract.parquet; /home/pitesse/Desktop/Thesis/data_lake/pit_evals_9999_merged_20260508_145741.jsonl; /home/pitesse/Desktop/Thesis/data_lake/reports/final_sde_c6_cfg120_fixed_raw_clean_aggregate_2022_2025.csv; /home/pitesse/Desktop/Thesis/data_lake/reports/ml_phase2b_dual_contract_2022_2025/audits/sde_universe_2022_2025.csv; /home/pitesse/Desktop/Thesis/data_lake/reports/ml_phase2b_dual_contract_2022_2025/frontier/phase2b_threshold_frontier_compact.csv; /home/pitesse/Desktop/Thesis/data_lake/reports/ml_phase2b_dual_contract_2022_2025/oof/e0_no_source_year__target_pit_any_h2_clean_actionable.csv; /home/pitesse/Desktop/Thesis/data_lake/reports/ml_phase2b_dual_contract_2022_2025/oof/e0_no_source_year__target_pit_success_h2_clean_actionable.csv; /home/pitesse/Desktop/Thesis/data_lake/reports/ml_phase2b_dual_contract_2022_2025/oof/p1_percent_conservative_v1__target_pit_any_h2_clean_actionable.csv; /home/pitesse/Desktop/Thesis/data_lake/reports/ml_phase2b_dual_contract_2022_2025/oof/p1_percent_conservative_v1__target_pit_success_h2_clean_actionable.csv; /home/pitesse/Desktop/Thesis/data_lake/reports/ml_phase2b_dual_contract_2022_2025/recommended/phase2b_recommended_operating_points.csv; /home/pitesse/Desktop/Thesis/data_lake/reports/phase2b_presentation_figures/phase2b_figures_manifest.csv; /home/pitesse/Desktop/Thesis/data_lake/reports/phase2b_timing/training_runtime_2022_2025.csv; /home/pitesse/Desktop/Thesis/data_lake/reports/pit_truth_eligibility_audit_2022_c6_cfg120_fixed.csv; /home/pitesse/Desktop/Thesis/data_lake/reports/pit_truth_eligibility_audit_2023_c6_cfg120_fixed.csv; /home/pitesse/Desktop/Thesis/data_lake/reports/pit_truth_eligibility_audit_2024_c6_cfg120_fixed.csv; /home/pitesse/Desktop/Thesis/data_lake/reports/pit_truth_eligibility_audit_2025_c6_cfg120_fixed.csv; /home/pitesse/Desktop/Thesis/data_lake/reports/sml_phase2b_dual_contract_2022_2025/exports/e0_no_source_year__target_pit_success_h2_clean_actionable.csv; /home/pitesse/Desktop/Thesis/data_lake/reports/sml_phase2b_dual_contract_2022_2025/exports/p1_percent_conservative_v1__target_pit_success_h2_clean_actionable.csv; /home/pitesse/Desktop/Thesis/data_lake/reports/sml_phase2b_dual_contract_2022_2025/frontier/phase2b_threshold_frontier_compact.csv; /home/pitesse/Desktop/Thesis/data_lake/reports/sml_phase2b_dual_contract_2022_2025/oof/e0_no_source_year__target_pit_any_h2_clean_actionable.csv; /home/pitesse/Desktop/Thesis/data_lake/reports/sml_phase2b_dual_contract_2022_2025/oof/e0_no_source_year__target_pit_success_h2_clean_actionable.csv; /home/pitesse/Desktop/Thesis/data_lake/reports/sml_phase2b_dual_contract_2022_2025/oof/p1_percent_conservative_v1__target_pit_any_h2_clean_actionable.csv; /home/pitesse/Desktop/Thesis/data_lake/reports/sml_phase2b_dual_contract_2022_2025/oof/p1_percent_conservative_v1__target_pit_success_h2_clean_actionable.csv; /home/pitesse/Desktop/Thesis/data_lake/reports/sml_phase2b_dual_contract_2022_2025/recommended/phase2b_recommended_operating_points.csv; /home/pitesse/Desktop/Thesis/data_lake/reports/variant_runs/c6_cfg120_fixed_2022/pit_evals_2022_season.jsonl; /home/pitesse/Desktop/Thesis/data_lake/reports/variant_runs/c6_cfg120_fixed_2022/pit_suggestions_2022_season.jsonl; /home/pitesse/Desktop/Thesis/data_lake/reports/variant_runs/c6_cfg120_fixed_2023/pit_evals_2023_season.jsonl; /home/pitesse/Desktop/Thesis/data_lake/reports/variant_runs/c6_cfg120_fixed_2023/pit_suggestions_2023_season.jsonl; /home/pitesse/Desktop/Thesis/data_lake/reports/variant_runs/c6_cfg120_fixed_2024/pit_evals_2024_season.jsonl; /home/pitesse/Desktop/Thesis/data_lake/reports/variant_runs/c6_cfg120_fixed_2024/pit_suggestions_2024_season.jsonl; /home/pitesse/Desktop/Thesis/data_lake/reports/variant_runs/c6_cfg120_fixed_2025/pit_evals_2025_season.jsonl; /home/pitesse/Desktop/Thesis/data_lake/reports/variant_runs/c6_cfg120_fixed_2025/pit_suggestions_2025_season.jsonl
/home/pitesse/Desktop/Thesis/data_lake/reports/phase2b_presentation_figures/final_refresh/pit_success_apples_to_apples_main.pdf,True,/home/pitesse/Desktop/Thesis/data_lake/ml_training_dataset_2022_2025_dual_contract.parquet; /home/pitesse/Desktop/Thesis/data_lake/pit_evals_9999_merged_20260508_145741.jsonl; /home/pitesse/Desktop/Thesis/data_lake/reports/final_sde_c6_cfg120_fixed_raw_clean_aggregate_2022_2025.csv; /home/pitesse/Desktop/Thesis/data_lake/reports/ml_phase2b_dual_contract_2022_2025/audits/sde_universe_2022_2025.csv; /home/pitesse/Desktop/Thesis/data_lake/reports/ml_phase2b_dual_contract_2022_2025/frontier/phase2b_threshold_frontier_compact.csv; /home/pitesse/Desktop/Thesis/data_lake/reports/ml_phase2b_dual_contract_2022_2025/oof/e0_no_source_year__target_pit_any_h2_clean_actionable.csv; /home/pitesse/Desktop/Thesis/data_lake/reports/ml_phase2b_dual_contract_2022_2025/oof/e0_no_source_year__target_pit_success_h2_clean_actionable.csv; /home/pitesse/Desktop/Thesis/data_lake/reports/ml_phase2b_dual_contract_2022_2025/oof/p1_percent_conservative_v1__target_pit_any_h2_clean_actionable.csv; /home/pitesse/Desktop/Thesis/data_lake/reports/ml_phase2b_dual_contract_2022_2025/oof/p1_percent_conservative_v1__target_pit_success_h2_clean_actionable.csv; /home/pitesse/Desktop/Thesis/data_lake/reports/ml_phase2b_dual_contract_2022_2025/recommended/phase2b_recommended_operating_points.csv; /home/pitesse/Desktop/Thesis/data_lake/reports/phase2b_presentation_figures/phase2b_figures_manifest.csv; /home/pitesse/Desktop/Thesis/data_lake/reports/phase2b_timing/training_runtime_2022_2025.csv; /home/pitesse/Desktop/Thesis/data_lake/reports/pit_truth_eligibility_audit_2022_c6_cfg120_fixed.csv; /home/pitesse/Desktop/Thesis/data_lake/reports/pit_truth_eligibility_audit_2023_c6_cfg120_fixed.csv; /home/pitesse/Desktop/Thesis/data_lake/reports/pit_truth_eligibility_audit_2024_c6_cfg120_fixed.csv; /home/pitesse/Desktop/Thesis/data_lake/reports/pit_truth_eligibility_audit_2025_c6_cfg120_fixed.csv; /home/pitesse/Desktop/Thesis/data_lake/reports/sml_phase2b_dual_contract_2022_2025/exports/e0_no_source_year__target_pit_success_h2_clean_actionable.csv; /home/pitesse/Desktop/Thesis/data_lake/reports/sml_phase2b_dual_contract_2022_2025/exports/p1_percent_conservative_v1__target_pit_success_h2_clean_actionable.csv; /home/pitesse/Desktop/Thesis/data_lake/reports/sml_phase2b_dual_contract_2022_2025/frontier/phase2b_threshold_frontier_compact.csv; /home/pitesse/Desktop/Thesis/data_lake/reports/sml_phase2b_dual_contract_2022_2025/oof/e0_no_source_year__target_pit_any_h2_clean_actionable.csv; /home/pitesse/Desktop/Thesis/data_lake/reports/sml_phase2b_dual_contract_2022_2025/oof/e0_no_source_year__target_pit_success_h2_clean_actionable.csv; /home/pitesse/Desktop/Thesis/data_lake/reports/sml_phase2b_dual_contract_2022_2025/oof/p1_percent_conservative_v1__target_pit_any_h2_clean_actionable.csv; /home/pitesse/Desktop/Thesis/data_lake/reports/sml_phase2b_dual_contract_2022_2025/oof/p1_percent_conservative_v1__target_pit_success_h2_clean_actionable.csv; /home/pitesse/Desktop/Thesis/data_lake/reports/sml_phase2b_dual_contract_2022_2025/recommended/phase2b_recommended_operating_points.csv; /home/pitesse/Desktop/Thesis/data_lake/reports/variant_runs/c6_cfg120_fixed_2022/pit_evals_2022_season.jsonl; /home/pitesse/Desktop/Thesis/data_lake/reports/variant_runs/c6_cfg120_fixed_2022/pit_suggestions_2022_season.jsonl; /home/pitesse/Desktop/Thesis/data_lake/reports/variant_runs/c6_cfg120_fixed_2023/pit_evals_2023_season.jsonl; /home/pitesse/Desktop/Thesis/data_lake/reports/variant_runs/c6_cfg120_fixed_2023/pit_suggestions_2023_season.jsonl; /home/pitesse/Desktop/Thesis/data_lake/reports/variant_runs/c6_cfg120_fixed_2024/pit_evals_2024_season.jsonl; /home/pitesse/Desktop/Thesis/data_lake/reports/variant_runs/c6_cfg120_fixed_2024/pit_suggestions_2024_season.jsonl; /home/pitesse/Desktop/Thesis/data_lake/reports/variant_runs/c6_cfg120_fixed_2025/pit_evals_2025_season.jsonl; /home/pitesse/Desktop/Thesis/data_lake/reports/variant_runs/c6_cfg120_fixed_2025/pit_suggestions_2025_season.jsonl
/home/pitesse/Desktop/Thesis/data_lake/reports/phase2b_presentation_figures/final_refresh/pit_success_sde_diagnostic_operational_vs_matched.png,True,/home/pitesse/Desktop/Thesis/data_lake/ml_training_dataset_2022_2025_dual_contract.parquet; /home/pitesse/Desktop/Thesis/data_lake/pit_evals_9999_merged_20260508_145741.jsonl; /home/pitesse/Desktop/Thesis/data_lake/reports/final_sde_c6_cfg120_fixed_raw_clean_aggregate_2022_2025.csv; /home/pitesse/Desktop/Thesis/data_lake/reports/ml_phase2b_dual_contract_2022_2025/audits/sde_universe_2022_2025.csv; /home/pitesse/Desktop/Thesis/data_lake/reports/ml_phase2b_dual_contract_2022_2025/frontier/phase2b_threshold_frontier_compact.csv; /home/pitesse/Desktop/Thesis/data_lake/reports/ml_phase2b_dual_contract_2022_2025/oof/e0_no_source_year__target_pit_any_h2_clean_actionable.csv; /home/pitesse/Desktop/Thesis/data_lake/reports/ml_phase2b_dual_contract_2022_2025/oof/e0_no_source_year__target_pit_success_h2_clean_actionable.csv; /home/pitesse/Desktop/Thesis/data_lake/reports/ml_phase2b_dual_contract_2022_2025/oof/p1_percent_conservative_v1__target_pit_any_h2_clean_actionable.csv; /home/pitesse/Desktop/Thesis/data_lake/reports/ml_phase2b_dual_contract_2022_2025/oof/p1_percent_conservative_v1__target_pit_success_h2_clean_actionable.csv; /home/pitesse/Desktop/Thesis/data_lake/reports/ml_phase2b_dual_contract_2022_2025/recommended/phase2b_recommended_operating_points.csv; /home/pitesse/Desktop/Thesis/data_lake/reports/phase2b_presentation_figures/phase2b_figures_manifest.csv; /home/pitesse/Desktop/Thesis/data_lake/reports/phase2b_timing/training_runtime_2022_2025.csv; /home/pitesse/Desktop/Thesis/data_lake/reports/pit_truth_eligibility_audit_2022_c6_cfg120_fixed.csv; /home/pitesse/Desktop/Thesis/data_lake/reports/pit_truth_eligibility_audit_2023_c6_cfg120_fixed.csv; /home/pitesse/Desktop/Thesis/data_lake/reports/pit_truth_eligibility_audit_2024_c6_cfg120_fixed.csv; /home/pitesse/Desktop/Thesis/data_lake/reports/pit_truth_eligibility_audit_2025_c6_cfg120_fixed.csv; /home/pitesse/Desktop/Thesis/data_lake/reports/sml_phase2b_dual_contract_2022_2025/exports/e0_no_source_year__target_pit_success_h2_clean_actionable.csv; /home/pitesse/Desktop/Thesis/data_lake/reports/sml_phase2b_dual_contract_2022_2025/exports/p1_percent_conservative_v1__target_pit_success_h2_clean_actionable.csv; /home/pitesse/Desktop/Thesis/data_lake/reports/sml_phase2b_dual_contract_2022_2025/frontier/phase2b_threshold_frontier_compact.csv; /home/pitesse/Desktop/Thesis/data_lake/reports/sml_phase2b_dual_contract_2022_2025/oof/e0_no_source_year__target_pit_any_h2_clean_actionable.csv; /home/pitesse/Desktop/Thesis/data_lake/reports/sml_phase2b_dual_contract_2022_2025/oof/e0_no_source_year__target_pit_success_h2_clean_actionable.csv; /home/pitesse/Desktop/Thesis/data_lake/reports/sml_phase2b_dual_contract_2022_2025/oof/p1_percent_conservative_v1__target_pit_any_h2_clean_actionable.csv; /home/pitesse/Desktop/Thesis/data_lake/reports/sml_phase2b_dual_contract_2022_2025/oof/p1_percent_conservative_v1__target_pit_success_h2_clean_actionable.csv; /home/pitesse/Desktop/Thesis/data_lake/reports/sml_phase2b_dual_contract_2022_2025/recommended/phase2b_recommended_operating_points.csv; /home/pitesse/Desktop/Thesis/data_lake/reports/variant_runs/c6_cfg120_fixed_2022/pit_evals_2022_season.jsonl; /home/pitesse/Desktop/Thesis/data_lake/reports/variant_runs/c6_cfg120_fixed_2022/pit_suggestions_2022_season.jsonl; /home/pitesse/Desktop/Thesis/data_lake/reports/variant_runs/c6_cfg120_fixed_2023/pit_evals_2023_season.jsonl; /home/pitesse/Desktop/Thesis/data_lake/reports/variant_runs/c6_cfg120_fixed_2023/pit_suggestions_2023_season.jsonl; /home/pitesse/Desktop/Thesis/data_lake/reports/variant_runs/c6_cfg120_fixed_2024/pit_evals_2024_season.jsonl; /home/pitesse/Desktop/Thesis/data_lake/reports/variant_runs/c6_cfg120_fixed_2024/pit_suggestions_2024_season.jsonl; /home/pitesse/Desktop/Thesis/data_lake/reports/variant_runs/c6_cfg120_fixed_2025/pit_evals_2025_season.jsonl; /home/pitesse/Desktop/Thesis/data_lake/reports/variant_runs/c6_cfg120_fixed_2025/pit_suggestions_2025_season.jsonl
/home/pitesse/Desktop/Thesis/data_lake/reports/phase2b_presentation_figures/final_refresh/pit_success_sde_diagnostic_operational_vs_matched.pdf,True,/home/pitesse/Desktop/Thesis/data_lake/ml_training_dataset_2022_2025_dual_contract.parquet; /home/pitesse/Desktop/Thesis/data_lake/pit_evals_9999_merged_20260508_145741.jsonl; /home/pitesse/Desktop/Thesis/data_lake/reports/final_sde_c6_cfg120_fixed_raw_clean_aggregate_2022_2025.csv; /home/pitesse/Desktop/Thesis/data_lake/reports/ml_phase2b_dual_contract_2022_2025/audits/sde_universe_2022_2025.csv; /home/pitesse/Desktop/Thesis/data_lake/reports/ml_phase2b_dual_contract_2022_2025/frontier/phase2b_threshold_frontier_compact.csv; /home/pitesse/Desktop/Thesis/data_lake/reports/ml_phase2b_dual_contract_2022_2025/oof/e0_no_source_year__target_pit_any_h2_clean_actionable.csv; /home/pitesse/Desktop/Thesis/data_lake/reports/ml_phase2b_dual_contract_2022_2025/oof/e0_no_source_year__target_pit_success_h2_clean_actionable.csv; /home/pitesse/Desktop/Thesis/data_lake/reports/ml_phase2b_dual_contract_2022_2025/oof/p1_percent_conservative_v1__target_pit_any_h2_clean_actionable.csv; /home/pitesse/Desktop/Thesis/data_lake/reports/ml_phase2b_dual_contract_2022_2025/oof/p1_percent_conservative_v1__target_pit_success_h2_clean_actionable.csv; /home/pitesse/Desktop/Thesis/data_lake/reports/ml_phase2b_dual_contract_2022_2025/recommended/phase2b_recommended_operating_points.csv; /home/pitesse/Desktop/Thesis/data_lake/reports/phase2b_presentation_figures/phase2b_figures_manifest.csv; /home/pitesse/Desktop/Thesis/data_lake/reports/phase2b_timing/training_runtime_2022_2025.csv; /home/pitesse/Desktop/Thesis/data_lake/reports/pit_truth_eligibility_audit_2022_c6_cfg120_fixed.csv; /home/pitesse/Desktop/Thesis/data_lake/reports/pit_truth_eligibility_audit_2023_c6_cfg120_fixed.csv; /home/pitesse/Desktop/Thesis/data_lake/reports/pit_truth_eligibility_audit_2024_c6_cfg120_fixed.csv; /home/pitesse/Desktop/Thesis/data_lake/reports/pit_truth_eligibility_audit_2025_c6_cfg120_fixed.csv; /home/pitesse/Desktop/Thesis/data_lake/reports/sml_phase2b_dual_contract_2022_2025/exports/e0_no_source_year__target_pit_success_h2_clean_actionable.csv; /home/pitesse/Desktop/Thesis/data_lake/reports/sml_phase2b_dual_contract_2022_2025/exports/p1_percent_conservative_v1__target_pit_success_h2_clean_actionable.csv; /home/pitesse/Desktop/Thesis/data_lake/reports/sml_phase2b_dual_contract_2022_2025/frontier/phase2b_threshold_frontier_compact.csv; /home/pitesse/Desktop/Thesis/data_lake/reports/sml_phase2b_dual_contract_2022_2025/oof/e0_no_source_year__target_pit_any_h2_clean_actionable.csv; /home/pitesse/Desktop/Thesis/data_lake/reports/sml_phase2b_dual_contract_2022_2025/oof/e0_no_source_year__target_pit_success_h2_clean_actionable.csv; /home/pitesse/Desktop/Thesis/data_lake/reports/sml_phase2b_dual_contract_2022_2025/oof/p1_percent_conservative_v1__target_pit_any_h2_clean_actionable.csv; /home/pitesse/Desktop/Thesis/data_lake/reports/sml_phase2b_dual_contract_2022_2025/oof/p1_percent_conservative_v1__target_pit_success_h2_clean_actionable.csv; /home/pitesse/Desktop/Thesis/data_lake/reports/sml_phase2b_dual_contract_2022_2025/recommended/phase2b_recommended_operating_points.csv; /home/pitesse/Desktop/Thesis/data_lake/reports/variant_runs/c6_cfg120_fixed_2022/pit_evals_2022_season.jsonl; /home/pitesse/Desktop/Thesis/data_lake/reports/variant_runs/c6_cfg120_fixed_2022/pit_suggestions_2022_season.jsonl; /home/pitesse/Desktop/Thesis/data_lake/reports/variant_runs/c6_cfg120_fixed_2023/pit_evals_2023_season.jsonl; /home/pitesse/Desktop/Thesis/data_lake/reports/variant_runs/c6_cfg120_fixed_2023/pit_suggestions_2023_season.jsonl; /home/pitesse/Desktop/Thesis/data_lake/reports/variant_runs/c6_cfg120_fixed_2024/pit_evals_2024_season.jsonl; /home/pitesse/Desktop/Thesis/data_lake/reports/variant_runs/c6_cfg120_fixed_2024/pit_suggestions_2024_season.jsonl; /home/pitesse/Desktop/Thesis/data_lake/reports/variant_runs/c6_cfg120_fixed_2025/pit_evals_2025_season.jsonl; /home/pitesse/Desktop/Thesis/data_lake/reports/variant_runs/c6_cfg120_fixed_2025/pit_suggestions_2025_season.jsonl
/home/pitesse/Desktop/Thesis/data_lake/reports/phase2b_presentation_figures/final_refresh/training_runtime_comparison.png,True,/home/pitesse/Desktop/Thesis/data_lake/ml_training_dataset_2022_2025_dual_contract.parquet; /home/pitesse/Desktop/Thesis/data_lake/pit_evals_9999_merged_20260508_145741.jsonl; /home/pitesse/Desktop/Thesis/data_lake/reports/final_sde_c6_cfg120_fixed_raw_clean_aggregate_2022_2025.csv; /home/pitesse/Desktop/Thesis/data_lake/reports/ml_phase2b_dual_contract_2022_2025/audits/sde_universe_2022_2025.csv; /home/pitesse/Desktop/Thesis/data_lake/reports/ml_phase2b_dual_contract_2022_2025/frontier/phase2b_threshold_frontier_compact.csv; /home/pitesse/Desktop/Thesis/data_lake/reports/ml_phase2b_dual_contract_2022_2025/oof/e0_no_source_year__target_pit_any_h2_clean_actionable.csv; /home/pitesse/Desktop/Thesis/data_lake/reports/ml_phase2b_dual_contract_2022_2025/oof/e0_no_source_year__target_pit_success_h2_clean_actionable.csv; /home/pitesse/Desktop/Thesis/data_lake/reports/ml_phase2b_dual_contract_2022_2025/oof/p1_percent_conservative_v1__target_pit_any_h2_clean_actionable.csv; /home/pitesse/Desktop/Thesis/data_lake/reports/ml_phase2b_dual_contract_2022_2025/oof/p1_percent_conservative_v1__target_pit_success_h2_clean_actionable.csv; /home/pitesse/Desktop/Thesis/data_lake/reports/ml_phase2b_dual_contract_2022_2025/recommended/phase2b_recommended_operating_points.csv; /home/pitesse/Desktop/Thesis/data_lake/reports/phase2b_presentation_figures/phase2b_figures_manifest.csv; /home/pitesse/Desktop/Thesis/data_lake/reports/phase2b_timing/training_runtime_2022_2025.csv; /home/pitesse/Desktop/Thesis/data_lake/reports/pit_truth_eligibility_audit_2022_c6_cfg120_fixed.csv; /home/pitesse/Desktop/Thesis/data_lake/reports/pit_truth_eligibility_audit_2023_c6_cfg120_fixed.csv; /home/pitesse/Desktop/Thesis/data_lake/reports/pit_truth_eligibility_audit_2024_c6_cfg120_fixed.csv; /home/pitesse/Desktop/Thesis/data_lake/reports/pit_truth_eligibility_audit_2025_c6_cfg120_fixed.csv; /home/pitesse/Desktop/Thesis/data_lake/reports/sml_phase2b_dual_contract_2022_2025/exports/e0_no_source_year__target_pit_success_h2_clean_actionable.csv; /home/pitesse/Desktop/Thesis/data_lake/reports/sml_phase2b_dual_contract_2022_2025/exports/p1_percent_conservative_v1__target_pit_success_h2_clean_actionable.csv; /home/pitesse/Desktop/Thesis/data_lake/reports/sml_phase2b_dual_contract_2022_2025/frontier/phase2b_threshold_frontier_compact.csv; /home/pitesse/Desktop/Thesis/data_lake/reports/sml_phase2b_dual_contract_2022_2025/oof/e0_no_source_year__target_pit_any_h2_clean_actionable.csv; /home/pitesse/Desktop/Thesis/data_lake/reports/sml_phase2b_dual_contract_2022_2025/oof/e0_no_source_year__target_pit_success_h2_clean_actionable.csv; /home/pitesse/Desktop/Thesis/data_lake/reports/sml_phase2b_dual_contract_2022_2025/oof/p1_percent_conservative_v1__target_pit_any_h2_clean_actionable.csv; /home/pitesse/Desktop/Thesis/data_lake/reports/sml_phase2b_dual_contract_2022_2025/oof/p1_percent_conservative_v1__target_pit_success_h2_clean_actionable.csv; /home/pitesse/Desktop/Thesis/data_lake/reports/sml_phase2b_dual_contract_2022_2025/recommended/phase2b_recommended_operating_points.csv; /home/pitesse/Desktop/Thesis/data_lake/reports/variant_runs/c6_cfg120_fixed_2022/pit_evals_2022_season.jsonl; /home/pitesse/Desktop/Thesis/data_lake/reports/variant_runs/c6_cfg120_fixed_2022/pit_suggestions_2022_season.jsonl; /home/pitesse/Desktop/Thesis/data_lake/reports/variant_runs/c6_cfg120_fixed_2023/pit_evals_2023_season.jsonl; /home/pitesse/Desktop/Thesis/data_lake/reports/variant_runs/c6_cfg120_fixed_2023/pit_suggestions_2023_season.jsonl; /home/pitesse/Desktop/Thesis/data_lake/reports/variant_runs/c6_cfg120_fixed_2024/pit_evals_2024_season.jsonl; /home/pitesse/Desktop/Thesis/data_lake/reports/variant_runs/c6_cfg120_fixed_2024/pit_suggestions_2024_season.jsonl; /home/pitesse/Desktop/Thesis/data_lake/reports/variant_runs/c6_cfg120_fixed_2025/pit_evals_2025_season.jsonl; /home/pitesse/Desktop/Thesis/data_lake/reports/variant_runs/c6_cfg120_fixed_2025/pit_suggestions_2025_season.jsonl
/home/pitesse/Desktop/Thesis/data_lake/reports/phase2b_presentation_figures/final_refresh/training_runtime_comparison.pdf,True,/home/pitesse/Desktop/Thesis/data_lake/ml_training_dataset_2022_2025_dual_contract.parquet; /home/pitesse/Desktop/Thesis/data_lake/pit_evals_9999_merged_20260508_145741.jsonl; /home/pitesse/Desktop/Thesis/data_lake/reports/final_sde_c6_cfg120_fixed_raw_clean_aggregate_2022_2025.csv; /home/pitesse/Desktop/Thesis/data_lake/reports/ml_phase2b_dual_contract_2022_2025/audits/sde_universe_2022_2025.csv; /home/pitesse/Desktop/Thesis/data_lake/reports/ml_phase2b_dual_contract_2022_2025/frontier/phase2b_threshold_frontier_compact.csv; /home/pitesse/Desktop/Thesis/data_lake/reports/ml_phase2b_dual_contract_2022_2025/oof/e0_no_source_year__target_pit_any_h2_clean_actionable.csv; /home/pitesse/Desktop/Thesis/data_lake/reports/ml_phase2b_dual_contract_2022_2025/oof/e0_no_source_year__target_pit_success_h2_clean_actionable.csv; /home/pitesse/Desktop/Thesis/data_lake/reports/ml_phase2b_dual_contract_2022_2025/oof/p1_percent_conservative_v1__target_pit_any_h2_clean_actionable.csv; /home/pitesse/Desktop/Thesis/data_lake/reports/ml_phase2b_dual_contract_2022_2025/oof/p1_percent_conservative_v1__target_pit_success_h2_clean_actionable.csv; /home/pitesse/Desktop/Thesis/data_lake/reports/ml_phase2b_dual_contract_2022_2025/recommended/phase2b_recommended_operating_points.csv; /home/pitesse/Desktop/Thesis/data_lake/reports/phase2b_presentation_figures/phase2b_figures_manifest.csv; /home/pitesse/Desktop/Thesis/data_lake/reports/phase2b_timing/training_runtime_2022_2025.csv; /home/pitesse/Desktop/Thesis/data_lake/reports/pit_truth_eligibility_audit_2022_c6_cfg120_fixed.csv; /home/pitesse/Desktop/Thesis/data_lake/reports/pit_truth_eligibility_audit_2023_c6_cfg120_fixed.csv; /home/pitesse/Desktop/Thesis/data_lake/reports/pit_truth_eligibility_audit_2024_c6_cfg120_fixed.csv; /home/pitesse/Desktop/Thesis/data_lake/reports/pit_truth_eligibility_audit_2025_c6_cfg120_fixed.csv; /home/pitesse/Desktop/Thesis/data_lake/reports/sml_phase2b_dual_contract_2022_2025/exports/e0_no_source_year__target_pit_success_h2_clean_actionable.csv; /home/pitesse/Desktop/Thesis/data_lake/reports/sml_phase2b_dual_contract_2022_2025/exports/p1_percent_conservative_v1__target_pit_success_h2_clean_actionable.csv; /home/pitesse/Desktop/Thesis/data_lake/reports/sml_phase2b_dual_contract_2022_2025/frontier/phase2b_threshold_frontier_compact.csv; /home/pitesse/Desktop/Thesis/data_lake/reports/sml_phase2b_dual_contract_2022_2025/oof/e0_no_source_year__target_pit_any_h2_clean_actionable.csv; /home/pitesse/Desktop/Thesis/data_lake/reports/sml_phase2b_dual_contract_2022_2025/oof/e0_no_source_year__target_pit_success_h2_clean_actionable.csv; /home/pitesse/Desktop/Thesis/data_lake/reports/sml_phase2b_dual_contract_2022_2025/oof/p1_percent_conservative_v1__target_pit_any_h2_clean_actionable.csv; /home/pitesse/Desktop/Thesis/data_lake/reports/sml_phase2b_dual_contract_2022_2025/oof/p1_percent_conservative_v1__target_pit_success_h2_clean_actionable.csv; /home/pitesse/Desktop/Thesis/data_lake/reports/sml_phase2b_dual_contract_2022_2025/recommended/phase2b_recommended_operating_points.csv; /home/pitesse/Desktop/Thesis/data_lake/reports/variant_runs/c6_cfg120_fixed_2022/pit_evals_2022_season.jsonl; /home/pitesse/Desktop/Thesis/data_lake/reports/variant_runs/c6_cfg120_fixed_2022/pit_suggestions_2022_season.jsonl; /home/pitesse/Desktop/Thesis/data_lake/reports/variant_runs/c6_cfg120_fixed_2023/pit_evals_2023_season.jsonl; /home/pitesse/Desktop/Thesis/data_lake/reports/variant_runs/c6_cfg120_fixed_2023/pit_suggestions_2023_season.jsonl; /home/pitesse/Desktop/Thesis/data_lake/reports/variant_runs/c6_cfg120_fixed_2024/pit_evals_2024_season.jsonl; /home/pitesse/Desktop/Thesis/data_lake/reports/variant_runs/c6_cfg120_fixed_2024/pit_suggestions_2024_season.jsonl; /home/pitesse/Desktop/Thesis/data_lake/reports/variant_runs/c6_cfg120_fixed_2025/pit_evals_2025_season.jsonl; /home/pitesse/Desktop/Thesis/data_lake/reports/variant_runs/c6_cfg120_fixed_2025/pit_suggestions_2025_season.jsonl
/home/pitesse/Desktop/Thesis/data_lake/reports/phase2b_presentation_figures/final_refresh/race_level_kappa_diagnostics.png,True,/home/pitesse/Desktop/Thesis/data_lake/ml_training_dataset_2022_2025_dual_contract.parquet; /home/pitesse/Desktop/Thesis/data_lake/pit_evals_9999_merged_20260508_145741.jsonl; /home/pitesse/Desktop/Thesis/data_lake/reports/final_sde_c6_cfg120_fixed_raw_clean_aggregate_2022_2025.csv; /home/pitesse/Desktop/Thesis/data_lake/reports/ml_phase2b_dual_contract_2022_2025/audits/sde_universe_2022_2025.csv; /home/pitesse/Desktop/Thesis/data_lake/reports/ml_phase2b_dual_contract_2022_2025/frontier/phase2b_threshold_frontier_compact.csv; /home/pitesse/Desktop/Thesis/data_lake/reports/ml_phase2b_dual_contract_2022_2025/oof/e0_no_source_year__target_pit_any_h2_clean_actionable.csv; /home/pitesse/Desktop/Thesis/data_lake/reports/ml_phase2b_dual_contract_2022_2025/oof/e0_no_source_year__target_pit_success_h2_clean_actionable.csv; /home/pitesse/Desktop/Thesis/data_lake/reports/ml_phase2b_dual_contract_2022_2025/oof/p1_percent_conservative_v1__target_pit_any_h2_clean_actionable.csv; /home/pitesse/Desktop/Thesis/data_lake/reports/ml_phase2b_dual_contract_2022_2025/oof/p1_percent_conservative_v1__target_pit_success_h2_clean_actionable.csv; /home/pitesse/Desktop/Thesis/data_lake/reports/ml_phase2b_dual_contract_2022_2025/recommended/phase2b_recommended_operating_points.csv; /home/pitesse/Desktop/Thesis/data_lake/reports/phase2b_presentation_figures/phase2b_figures_manifest.csv; /home/pitesse/Desktop/Thesis/data_lake/reports/phase2b_timing/training_runtime_2022_2025.csv; /home/pitesse/Desktop/Thesis/data_lake/reports/pit_truth_eligibility_audit_2022_c6_cfg120_fixed.csv; /home/pitesse/Desktop/Thesis/data_lake/reports/pit_truth_eligibility_audit_2023_c6_cfg120_fixed.csv; /home/pitesse/Desktop/Thesis/data_lake/reports/pit_truth_eligibility_audit_2024_c6_cfg120_fixed.csv; /home/pitesse/Desktop/Thesis/data_lake/reports/pit_truth_eligibility_audit_2025_c6_cfg120_fixed.csv; /home/pitesse/Desktop/Thesis/data_lake/reports/sml_phase2b_dual_contract_2022_2025/exports/e0_no_source_year__target_pit_success_h2_clean_actionable.csv; /home/pitesse/Desktop/Thesis/data_lake/reports/sml_phase2b_dual_contract_2022_2025/exports/p1_percent_conservative_v1__target_pit_success_h2_clean_actionable.csv; /home/pitesse/Desktop/Thesis/data_lake/reports/sml_phase2b_dual_contract_2022_2025/frontier/phase2b_threshold_frontier_compact.csv; /home/pitesse/Desktop/Thesis/data_lake/reports/sml_phase2b_dual_contract_2022_2025/oof/e0_no_source_year__target_pit_any_h2_clean_actionable.csv; /home/pitesse/Desktop/Thesis/data_lake/reports/sml_phase2b_dual_contract_2022_2025/oof/e0_no_source_year__target_pit_success_h2_clean_actionable.csv; /home/pitesse/Desktop/Thesis/data_lake/reports/sml_phase2b_dual_contract_2022_2025/oof/p1_percent_conservative_v1__target_pit_any_h2_clean_actionable.csv; /home/pitesse/Desktop/Thesis/data_lake/reports/sml_phase2b_dual_contract_2022_2025/oof/p1_percent_conservative_v1__target_pit_success_h2_clean_actionable.csv; /home/pitesse/Desktop/Thesis/data_lake/reports/sml_phase2b_dual_contract_2022_2025/recommended/phase2b_recommended_operating_points.csv; /home/pitesse/Desktop/Thesis/data_lake/reports/variant_runs/c6_cfg120_fixed_2022/pit_evals_2022_season.jsonl; /home/pitesse/Desktop/Thesis/data_lake/reports/variant_runs/c6_cfg120_fixed_2022/pit_suggestions_2022_season.jsonl; /home/pitesse/Desktop/Thesis/data_lake/reports/variant_runs/c6_cfg120_fixed_2023/pit_evals_2023_season.jsonl; /home/pitesse/Desktop/Thesis/data_lake/reports/variant_runs/c6_cfg120_fixed_2023/pit_suggestions_2023_season.jsonl; /home/pitesse/Desktop/Thesis/data_lake/reports/variant_runs/c6_cfg120_fixed_2024/pit_evals_2024_season.jsonl; /home/pitesse/Desktop/Thesis/data_lake/reports/variant_runs/c6_cfg120_fixed_2024/pit_suggestions_2024_season.jsonl; /home/pitesse/Desktop/Thesis/data_lake/reports/variant_runs/c6_cfg120_fixed_2025/pit_evals_2025_season.jsonl; /home/pitesse/Desktop/Thesis/data_lake/reports/variant_runs/c6_cfg120_fixed_2025/pit_suggestions_2025_season.jsonl
/home/pitesse/Desktop/Thesis/data_lake/reports/phase2b_presentation_figures/final_refresh/race_level_kappa_diagnostics.pdf,True,/home/pitesse/Desktop/Thesis/data_lake/ml_training_dataset_2022_2025_dual_contract.parquet; /home/pitesse/Desktop/Thesis/data_lake/pit_evals_9999_merged_20260508_145741.jsonl; /home/pitesse/Desktop/Thesis/data_lake/reports/final_sde_c6_cfg120_fixed_raw_clean_aggregate_2022_2025.csv; /home/pitesse/Desktop/Thesis/data_lake/reports/ml_phase2b_dual_contract_2022_2025/audits/sde_universe_2022_2025.csv; /home/pitesse/Desktop/Thesis/data_lake/reports/ml_phase2b_dual_contract_2022_2025/frontier/phase2b_threshold_frontier_compact.csv; /home/pitesse/Desktop/Thesis/data_lake/reports/ml_phase2b_dual_contract_2022_2025/oof/e0_no_source_year__target_pit_any_h2_clean_actionable.csv; /home/pitesse/Desktop/Thesis/data_lake/reports/ml_phase2b_dual_contract_2022_2025/oof/e0_no_source_year__target_pit_success_h2_clean_actionable.csv; /home/pitesse/Desktop/Thesis/data_lake/reports/ml_phase2b_dual_contract_2022_2025/oof/p1_percent_conservative_v1__target_pit_any_h2_clean_actionable.csv; /home/pitesse/Desktop/Thesis/data_lake/reports/ml_phase2b_dual_contract_2022_2025/oof/p1_percent_conservative_v1__target_pit_success_h2_clean_actionable.csv; /home/pitesse/Desktop/Thesis/data_lake/reports/ml_phase2b_dual_contract_2022_2025/recommended/phase2b_recommended_operating_points.csv; /home/pitesse/Desktop/Thesis/data_lake/reports/phase2b_presentation_figures/phase2b_figures_manifest.csv; /home/pitesse/Desktop/Thesis/data_lake/reports/phase2b_timing/training_runtime_2022_2025.csv; /home/pitesse/Desktop/Thesis/data_lake/reports/pit_truth_eligibility_audit_2022_c6_cfg120_fixed.csv; /home/pitesse/Desktop/Thesis/data_lake/reports/pit_truth_eligibility_audit_2023_c6_cfg120_fixed.csv; /home/pitesse/Desktop/Thesis/data_lake/reports/pit_truth_eligibility_audit_2024_c6_cfg120_fixed.csv; /home/pitesse/Desktop/Thesis/data_lake/reports/pit_truth_eligibility_audit_2025_c6_cfg120_fixed.csv; /home/pitesse/Desktop/Thesis/data_lake/reports/sml_phase2b_dual_contract_2022_2025/exports/e0_no_source_year__target_pit_success_h2_clean_actionable.csv; /home/pitesse/Desktop/Thesis/data_lake/reports/sml_phase2b_dual_contract_2022_2025/exports/p1_percent_conservative_v1__target_pit_success_h2_clean_actionable.csv; /home/pitesse/Desktop/Thesis/data_lake/reports/sml_phase2b_dual_contract_2022_2025/frontier/phase2b_threshold_frontier_compact.csv; /home/pitesse/Desktop/Thesis/data_lake/reports/sml_phase2b_dual_contract_2022_2025/oof/e0_no_source_year__target_pit_any_h2_clean_actionable.csv; /home/pitesse/Desktop/Thesis/data_lake/reports/sml_phase2b_dual_contract_2022_2025/oof/e0_no_source_year__target_pit_success_h2_clean_actionable.csv; /home/pitesse/Desktop/Thesis/data_lake/reports/sml_phase2b_dual_contract_2022_2025/oof/p1_percent_conservative_v1__target_pit_any_h2_clean_actionable.csv; /home/pitesse/Desktop/Thesis/data_lake/reports/sml_phase2b_dual_contract_2022_2025/oof/p1_percent_conservative_v1__target_pit_success_h2_clean_actionable.csv; /home/pitesse/Desktop/Thesis/data_lake/reports/sml_phase2b_dual_contract_2022_2025/recommended/phase2b_recommended_operating_points.csv; /home/pitesse/Desktop/Thesis/data_lake/reports/variant_runs/c6_cfg120_fixed_2022/pit_evals_2022_season.jsonl; /home/pitesse/Desktop/Thesis/data_lake/reports/variant_runs/c6_cfg120_fixed_2022/pit_suggestions_2022_season.jsonl; /home/pitesse/Desktop/Thesis/data_lake/reports/variant_runs/c6_cfg120_fixed_2023/pit_evals_2023_season.jsonl; /home/pitesse/Desktop/Thesis/data_lake/reports/variant_runs/c6_cfg120_fixed_2023/pit_suggestions_2023_season.jsonl; /home/pitesse/Desktop/Thesis/data_lake/reports/variant_runs/c6_cfg120_fixed_2024/pit_evals_2024_season.jsonl; /home/pitesse/Desktop/Thesis/data_lake/reports/variant_runs/c6_cfg120_fixed_2024/pit_suggestions_2024_season.jsonl; /home/pitesse/Desktop/Thesis/data_lake/reports/variant_runs/c6_cfg120_fixed_2025/pit_evals_2025_season.jsonl; /home/pitesse/Desktop/Thesis/data_lake/reports/variant_runs/c6_cfg120_fixed_2025/pit_suggestions_2025_season.jsonl
/home/pitesse/Desktop/Thesis/data_lake/reports/phase2b_presentation_figures/final_refresh/race_level_gmean_diagnostics.png,True,/home/pitesse/Desktop/Thesis/data_lake/ml_training_dataset_2022_2025_dual_contract.parquet; /home/pitesse/Desktop/Thesis/data_lake/pit_evals_9999_merged_20260508_145741.jsonl; /home/pitesse/Desktop/Thesis/data_lake/reports/final_sde_c6_cfg120_fixed_raw_clean_aggregate_2022_2025.csv; /home/pitesse/Desktop/Thesis/data_lake/reports/ml_phase2b_dual_contract_2022_2025/audits/sde_universe_2022_2025.csv; /home/pitesse/Desktop/Thesis/data_lake/reports/ml_phase2b_dual_contract_2022_2025/frontier/phase2b_threshold_frontier_compact.csv; /home/pitesse/Desktop/Thesis/data_lake/reports/ml_phase2b_dual_contract_2022_2025/oof/e0_no_source_year__target_pit_any_h2_clean_actionable.csv; /home/pitesse/Desktop/Thesis/data_lake/reports/ml_phase2b_dual_contract_2022_2025/oof/e0_no_source_year__target_pit_success_h2_clean_actionable.csv; /home/pitesse/Desktop/Thesis/data_lake/reports/ml_phase2b_dual_contract_2022_2025/oof/p1_percent_conservative_v1__target_pit_any_h2_clean_actionable.csv; /home/pitesse/Desktop/Thesis/data_lake/reports/ml_phase2b_dual_contract_2022_2025/oof/p1_percent_conservative_v1__target_pit_success_h2_clean_actionable.csv; /home/pitesse/Desktop/Thesis/data_lake/reports/ml_phase2b_dual_contract_2022_2025/recommended/phase2b_recommended_operating_points.csv; /home/pitesse/Desktop/Thesis/data_lake/reports/phase2b_presentation_figures/phase2b_figures_manifest.csv; /home/pitesse/Desktop/Thesis/data_lake/reports/phase2b_timing/training_runtime_2022_2025.csv; /home/pitesse/Desktop/Thesis/data_lake/reports/pit_truth_eligibility_audit_2022_c6_cfg120_fixed.csv; /home/pitesse/Desktop/Thesis/data_lake/reports/pit_truth_eligibility_audit_2023_c6_cfg120_fixed.csv; /home/pitesse/Desktop/Thesis/data_lake/reports/pit_truth_eligibility_audit_2024_c6_cfg120_fixed.csv; /home/pitesse/Desktop/Thesis/data_lake/reports/pit_truth_eligibility_audit_2025_c6_cfg120_fixed.csv; /home/pitesse/Desktop/Thesis/data_lake/reports/sml_phase2b_dual_contract_2022_2025/exports/e0_no_source_year__target_pit_success_h2_clean_actionable.csv; /home/pitesse/Desktop/Thesis/data_lake/reports/sml_phase2b_dual_contract_2022_2025/exports/p1_percent_conservative_v1__target_pit_success_h2_clean_actionable.csv; /home/pitesse/Desktop/Thesis/data_lake/reports/sml_phase2b_dual_contract_2022_2025/frontier/phase2b_threshold_frontier_compact.csv; /home/pitesse/Desktop/Thesis/data_lake/reports/sml_phase2b_dual_contract_2022_2025/oof/e0_no_source_year__target_pit_any_h2_clean_actionable.csv; /home/pitesse/Desktop/Thesis/data_lake/reports/sml_phase2b_dual_contract_2022_2025/oof/e0_no_source_year__target_pit_success_h2_clean_actionable.csv; /home/pitesse/Desktop/Thesis/data_lake/reports/sml_phase2b_dual_contract_2022_2025/oof/p1_percent_conservative_v1__target_pit_any_h2_clean_actionable.csv; /home/pitesse/Desktop/Thesis/data_lake/reports/sml_phase2b_dual_contract_2022_2025/oof/p1_percent_conservative_v1__target_pit_success_h2_clean_actionable.csv; /home/pitesse/Desktop/Thesis/data_lake/reports/sml_phase2b_dual_contract_2022_2025/recommended/phase2b_recommended_operating_points.csv; /home/pitesse/Desktop/Thesis/data_lake/reports/variant_runs/c6_cfg120_fixed_2022/pit_evals_2022_season.jsonl; /home/pitesse/Desktop/Thesis/data_lake/reports/variant_runs/c6_cfg120_fixed_2022/pit_suggestions_2022_season.jsonl; /home/pitesse/Desktop/Thesis/data_lake/reports/variant_runs/c6_cfg120_fixed_2023/pit_evals_2023_season.jsonl; /home/pitesse/Desktop/Thesis/data_lake/reports/variant_runs/c6_cfg120_fixed_2023/pit_suggestions_2023_season.jsonl; /home/pitesse/Desktop/Thesis/data_lake/reports/variant_runs/c6_cfg120_fixed_2024/pit_evals_2024_season.jsonl; /home/pitesse/Desktop/Thesis/data_lake/reports/variant_runs/c6_cfg120_fixed_2024/pit_suggestions_2024_season.jsonl; /home/pitesse/Desktop/Thesis/data_lake/reports/variant_runs/c6_cfg120_fixed_2025/pit_evals_2025_season.jsonl; /home/pitesse/Desktop/Thesis/data_lake/reports/variant_runs/c6_cfg120_fixed_2025/pit_suggestions_2025_season.jsonl
/home/pitesse/Desktop/Thesis/data_lake/reports/phase2b_presentation_figures/final_refresh/race_level_gmean_diagnostics.pdf,True,/home/pitesse/Desktop/Thesis/data_lake/ml_training_dataset_2022_2025_dual_contract.parquet; /home/pitesse/Desktop/Thesis/data_lake/pit_evals_9999_merged_20260508_145741.jsonl; /home/pitesse/Desktop/Thesis/data_lake/reports/final_sde_c6_cfg120_fixed_raw_clean_aggregate_2022_2025.csv; /home/pitesse/Desktop/Thesis/data_lake/reports/ml_phase2b_dual_contract_2022_2025/audits/sde_universe_2022_2025.csv; /home/pitesse/Desktop/Thesis/data_lake/reports/ml_phase2b_dual_contract_2022_2025/frontier/phase2b_threshold_frontier_compact.csv; /home/pitesse/Desktop/Thesis/data_lake/reports/ml_phase2b_dual_contract_2022_2025/oof/e0_no_source_year__target_pit_any_h2_clean_actionable.csv; /home/pitesse/Desktop/Thesis/data_lake/reports/ml_phase2b_dual_contract_2022_2025/oof/e0_no_source_year__target_pit_success_h2_clean_actionable.csv; /home/pitesse/Desktop/Thesis/data_lake/reports/ml_phase2b_dual_contract_2022_2025/oof/p1_percent_conservative_v1__target_pit_any_h2_clean_actionable.csv; /home/pitesse/Desktop/Thesis/data_lake/reports/ml_phase2b_dual_contract_2022_2025/oof/p1_percent_conservative_v1__target_pit_success_h2_clean_actionable.csv; /home/pitesse/Desktop/Thesis/data_lake/reports/ml_phase2b_dual_contract_2022_2025/recommended/phase2b_recommended_operating_points.csv; /home/pitesse/Desktop/Thesis/data_lake/reports/phase2b_presentation_figures/phase2b_figures_manifest.csv; /home/pitesse/Desktop/Thesis/data_lake/reports/phase2b_timing/training_runtime_2022_2025.csv; /home/pitesse/Desktop/Thesis/data_lake/reports/pit_truth_eligibility_audit_2022_c6_cfg120_fixed.csv; /home/pitesse/Desktop/Thesis/data_lake/reports/pit_truth_eligibility_audit_2023_c6_cfg120_fixed.csv; /home/pitesse/Desktop/Thesis/data_lake/reports/pit_truth_eligibility_audit_2024_c6_cfg120_fixed.csv; /home/pitesse/Desktop/Thesis/data_lake/reports/pit_truth_eligibility_audit_2025_c6_cfg120_fixed.csv; /home/pitesse/Desktop/Thesis/data_lake/reports/sml_phase2b_dual_contract_2022_2025/exports/e0_no_source_year__target_pit_success_h2_clean_actionable.csv; /home/pitesse/Desktop/Thesis/data_lake/reports/sml_phase2b_dual_contract_2022_2025/exports/p1_percent_conservative_v1__target_pit_success_h2_clean_actionable.csv; /home/pitesse/Desktop/Thesis/data_lake/reports/sml_phase2b_dual_contract_2022_2025/frontier/phase2b_threshold_frontier_compact.csv; /home/pitesse/Desktop/Thesis/data_lake/reports/sml_phase2b_dual_contract_2022_2025/oof/e0_no_source_year__target_pit_any_h2_clean_actionable.csv; /home/pitesse/Desktop/Thesis/data_lake/reports/sml_phase2b_dual_contract_2022_2025/oof/e0_no_source_year__target_pit_success_h2_clean_actionable.csv; /home/pitesse/Desktop/Thesis/data_lake/reports/sml_phase2b_dual_contract_2022_2025/oof/p1_percent_conservative_v1__target_pit_any_h2_clean_actionable.csv; /home/pitesse/Desktop/Thesis/data_lake/reports/sml_phase2b_dual_contract_2022_2025/oof/p1_percent_conservative_v1__target_pit_success_h2_clean_actionable.csv; /home/pitesse/Desktop/Thesis/data_lake/reports/sml_phase2b_dual_contract_2022_2025/recommended/phase2b_recommended_operating_points.csv; /home/pitesse/Desktop/Thesis/data_lake/reports/variant_runs/c6_cfg120_fixed_2022/pit_evals_2022_season.jsonl; /home/pitesse/Desktop/Thesis/data_lake/reports/variant_runs/c6_cfg120_fixed_2022/pit_suggestions_2022_season.jsonl; /home/pitesse/Desktop/Thesis/data_lake/reports/variant_runs/c6_cfg120_fixed_2023/pit_evals_2023_season.jsonl; /home/pitesse/Desktop/Thesis/data_lake/reports/variant_runs/c6_cfg120_fixed_2023/pit_suggestions_2023_season.jsonl; /home/pitesse/Desktop/Thesis/data_lake/reports/variant_runs/c6_cfg120_fixed_2024/pit_evals_2024_season.jsonl; /home/pitesse/Desktop/Thesis/data_lake/reports/variant_runs/c6_cfg120_fixed_2024/pit_suggestions_2024_season.jsonl; /home/pitesse/Desktop/Thesis/data_lake/reports/variant_runs/c6_cfg120_fixed_2025/pit_evals_2025_season.jsonl; /home/pitesse/Desktop/Thesis/data_lake/reports/variant_runs/c6_cfg120_fixed_2025/pit_suggestions_2025_season.jsonl
