race,positives,negatives,tp,fp,fn,tn,kappa,gmean,year,race_name,race_index,system,target
2022 :: Abu Dhabi Grand Prix,68,1018,6,7,62,1011,0.13067588575140954,0.29602122918240387,2022,Abu Dhabi Grand Prix,1,Flink Strategy Engine,target_pit_any_h2_clean_actionable
2022 :: Australian Grand Prix,42,814,0,18,42,796,-0.03033220991815111,0.0,2022,Australian Grand Prix,2,Flink Strategy Engine,target_pit_any_h2_clean_actionable
2022 :: Austrian Grand Prix,85,1182,3,6,82,1176,0.05164670658682624,0.18738986015646508,2022,Austrian Grand Prix,3,Flink Strategy Engine,target_pit_any_h2_clean_actionable
2022 :: Azerbaijan Grand Prix,55,732,2,4,53,728,0.05254820791180015,0.1901707863164231,2022,Azerbaijan Grand Prix,4,Flink Strategy Engine,target_pit_any_h2_clean_actionable
2022 :: Bahrain Grand Prix,112,895,4,3,108,892,0.05485984864499227,0.1886652406373273,2022,Bahrain Grand Prix,5,Flink Strategy Engine,target_pit_any_h2_clean_actionable
2022 :: Belgian Grand Prix,72,647,7,3,65,644,0.14997044403491067,0.3110810564222412,2022,Belgian Grand Prix,6,Flink Strategy Engine,target_pit_any_h2_clean_actionable
2022 :: British Grand Prix,20,267,0,0,20,267,0.0,0.0,2022,British Grand Prix,7,Flink Strategy Engine,target_pit_any_h2_clean_actionable
2022 :: Canadian Grand Prix,61,1025,1,7,60,1018,0.01617134049054869,0.12759893183345222,2022,Canadian Grand Prix,8,Flink Strategy Engine,target_pit_any_h2_clean_actionable
2022 :: Dutch Grand Prix,109,1094,2,4,107,1090,0.025569736640469354,0.13520922915612868,2022,Dutch Grand Prix,9,Flink Strategy Engine,target_pit_any_h2_clean_actionable
2022 :: Emilia Romagna Grand Prix,48,1007,5,19,43,988,0.11195286195286203,0.31968931458782796,2022,Emilia Romagna Grand Prix,10,Flink Strategy Engine,target_pit_any_h2_clean_actionable
2022 :: French Grand Prix,53,824,2,12,51,812,0.03533828022697505,0.19283749079665582,2022,French Grand Prix,11,Flink Strategy Engine,target_pit_any_h2_clean_actionable
2022 :: Hungarian Grand Prix,81,1207,7,14,74,1193,0.11432009626955475,0.29226250164736967,2022,Hungarian Grand Prix,12,Flink Strategy Engine,target_pit_any_h2_clean_actionable
2022 :: Italian Grand Prix,60,775,0,4,60,771,-0.009063444108761143,0.0,2022,Italian Grand Prix,13,Flink Strategy Engine,target_pit_any_h2_clean_actionable
2022 :: Japanese Grand Prix,8,177,0,0,8,177,0.0,0.0,2022,Japanese Grand Prix,14,Flink Strategy Engine,target_pit_any_h2_clean_actionable
2022 :: Mexico City Grand Prix,48,1283,1,6,47,1277,0.027435787848289706,0.1439996716315069,2022,Mexico City Grand Prix,15,Flink Strategy Engine,target_pit_any_h2_clean_actionable
2022 :: Miami Grand Prix,47,878,1,3,46,875,0.0314963994957157,0.14561557839181355,2022,Miami Grand Prix,16,Flink Strategy Engine,target_pit_any_h2_clean_actionable
2022 :: Monaco Grand Prix,63,980,2,41,61,939,-0.011850865512649689,0.17440722874436598,2022,Monaco Grand Prix,17,Flink Strategy Engine,target_pit_any_h2_clean_actionable
2022 :: Saudi Arabian Grand Prix,31,486,0,0,31,486,0.0,0.0,2022,Saudi Arabian Grand Prix,18,Flink Strategy Engine,target_pit_any_h2_clean_actionable
2022 :: Singapore Grand Prix,38,600,0,5,38,595,-0.014045982109854416,0.0,2022,Singapore Grand Prix,19,Flink Strategy Engine,target_pit_any_h2_clean_actionable
2022 :: Spanish Grand Prix,106,1106,3,20,103,1086,0.015818104996302984,0.16670362504913985,2022,Spanish Grand Prix,20,Flink Strategy Engine,target_pit_any_h2_clean_actionable
2022 :: São Paulo Grand Prix,80,950,7,3,73,947,0.14072447859495052,0.29533656091064364,2022,São Paulo Grand Prix,21,Flink Strategy Engine,target_pit_any_h2_clean_actionable
2022 :: United States Grand Prix,68,772,2,5,66,767,0.038808664259927905,0.17094231191202694,2022,United States Grand Prix,22,Flink Strategy Engine,target_pit_any_h2_clean_actionable
2023 :: Abu Dhabi Grand Prix,71,993,0,3,71,990,-0.005439918273528299,0.0,2023,Abu Dhabi Grand Prix,23,Flink Strategy Engine,target_pit_any_h2_clean_actionable
2023 :: Australian Grand Prix,25,765,1,30,24,735,0.0007027406886859211,0.1960392117639214,2023,Australian Grand Prix,24,Flink Strategy Engine,target_pit_any_h2_clean_actionable
2023 :: Austrian Grand Prix,81,1229,9,7,72,1222,0.16860810745673938,0.3323826965093008,2023,Austrian Grand Prix,25,Flink Strategy Engine,target_pit_any_h2_clean_actionable
2023 :: Azerbaijan Grand Prix,45,837,0,7,45,830,-0.013927576601671099,0.0,2023,Azerbaijan Grand Prix,26,Flink Strategy Engine,target_pit_any_h2_clean_actionable
2023 :: Bahrain Grand Prix,101,903,0,2,101,901,-0.003922025473749535,0.0,2023,Bahrain Grand Prix,27,Flink Strategy Engine,target_pit_any_h2_clean_actionable
2023 :: Belgian Grand Prix,76,721,6,2,70,719,0.12700054767845204,0.28058577001318685,2023,Belgian Grand Prix,28,Flink Strategy Engine,target_pit_any_h2_clean_actionable
2023 :: British Grand Prix,38,710,1,0,37,710,0.048803959307121114,0.16222142113076254,2023,British Grand Prix,29,Flink Strategy Engine,target_pit_any_h2_clean_actionable
2023 :: Canadian Grand Prix,65,1122,2,9,63,1113,0.037372440359532466,0.17470666489207812,2023,Canadian Grand Prix,30,Flink Strategy Engine,target_pit_any_h2_clean_actionable
2023 :: Dutch Grand Prix,125,1048,7,6,118,1042,0.08303913657454098,0.23596480524217398,2023,Dutch Grand Prix,31,Flink Strategy Engine,target_pit_any_h2_clean_actionable
2023 :: Hungarian Grand Prix,74,1157,1,4,73,1153,0.01784289548125051,0.11604651811093157,2023,Hungarian Grand Prix,32,Flink Strategy Engine,target_pit_any_h2_clean_actionable
2023 :: Italian Grand Prix,42,739,2,3,40,736,0.07451704467164544,0.21777450767787862,2023,Italian Grand Prix,33,Flink Strategy Engine,target_pit_any_h2_clean_actionable
2023 :: Japanese Grand Prix,67,694,4,4,63,690,0.08956663035908796,0.2436337245041678,2023,Japanese Grand Prix,34,Flink Strategy Engine,target_pit_any_h2_clean_actionable
2023 :: Las Vegas Grand Prix,52,738,4,2,48,736,0.12602885211080617,0.27697403000999776,2023,Las Vegas Grand Prix,35,Flink Strategy Engine,target_pit_any_h2_clean_actionable
2023 :: Mexico City Grand Prix,51,1133,2,12,49,1121,0.04379600699041464,0.19697801704786946,2023,Mexico City Grand Prix,36,Flink Strategy Engine,target_pit_any_h2_clean_actionable
2023 :: Miami Grand Prix,38,1080,0,1,38,1079,-0.0017460828010844587,0.0,2023,Miami Grand Prix,37,Flink Strategy Engine,target_pit_any_h2_clean_actionable
2023 :: Monaco Grand Prix,69,1426,13,48,56,1378,0.16378030677882238,0.42668952059857,2023,Monaco Grand Prix,38,Flink Strategy Engine,target_pit_any_h2_clean_actionable
2023 :: Qatar Grand Prix,100,844,10,0,90,844,0.16575019638648847,0.31622776601683794,2023,Qatar Grand Prix,39,Flink Strategy Engine,target_pit_any_h2_clean_actionable
2023 :: Saudi Arabian Grand Prix,42,828,0,1,42,827,-0.0022504420511171297,0.0,2023,Saudi Arabian Grand Prix,40,Flink Strategy Engine,target_pit_any_h2_clean_actionable
2023 :: Singapore Grand Prix,47,944,1,9,46,935,0.01875888886888577,0.1451679952488587,2023,Singapore Grand Prix,41,Flink Strategy Engine,target_pit_any_h2_clean_actionable
2023 :: Spanish Grand Prix,84,1211,2,7,82,1204,0.03084348696215189,0.15385674019771264,2023,Spanish Grand Prix,42,Flink Strategy Engine,target_pit_any_h2_clean_actionable
2023 :: São Paulo Grand Prix,70,998,6,3,64,995,0.1390412936760036,0.29232965559586305,2023,São Paulo Grand Prix,43,Flink Strategy Engine,target_pit_any_h2_clean_actionable
2023 :: United States Grand Prix,74,910,2,2,72,908,0.04390756302521015,0.16421822970555666,2023,United States Grand Prix,44,Flink Strategy Engine,target_pit_any_h2_clean_actionable
2024 :: Abu Dhabi Grand Prix,54,912,0,11,54,901,-0.01928508814648877,0.0,2024,Abu Dhabi Grand Prix,45,Flink Strategy Engine,target_pit_any_h2_clean_actionable
2024 :: Australian Grand Prix,68,806,4,1,64,805,0.09999683153258776,0.24238512199668552,2024,Australian Grand Prix,46,Flink Strategy Engine,target_pit_any_h2_clean_actionable
2024 :: Austrian Grand Prix,88,1273,5,6,83,1267,0.08790464070841786,0.23780324232648076,2024,Austrian Grand Prix,47,Flink Strategy Engine,target_pit_any_h2_clean_actionable
2024 :: Azerbaijan Grand Prix,46,879,2,3,44,876,0.06935673766456174,0.20815828328636626,2024,Azerbaijan Grand Prix,48,Flink Strategy Engine,target_pit_any_h2_clean_actionable
2024 :: Bahrain Grand Prix,84,1024,5,0,79,1024,0.10473346152272622,0.2439750182371333,2024,Bahrain Grand Prix,49,Flink Strategy Engine,target_pit_any_h2_clean_actionable
2024 :: Belgian Grand Prix,46,556,0,2,46,554,-0.006408470325996118,0.0,2024,Belgian Grand Prix,50,Flink Strategy Engine,target_pit_any_h2_clean_actionable
2024 :: British Grand Prix,92,850,12,12,80,838,0.17349507896543837,0.35859915000405634,2024,British Grand Prix,51,Flink Strategy Engine,target_pit_any_h2_clean_actionable
2024 :: Canadian Grand Prix,85,1023,1,13,84,1010,-0.001528254062919121,0.10777385242282636,2024,Canadian Grand Prix,52,Flink Strategy Engine,target_pit_any_h2_clean_actionable
2024 :: Chinese Grand Prix,53,782,1,4,52,778,0.023799582463465585,0.13700880776575997,2024,Chinese Grand Prix,53,Flink Strategy Engine,target_pit_any_h2_clean_actionable
2024 :: Dutch Grand Prix,52,1355,2,3,50,1352,0.06410723026142395,0.19589891210478336,2024,Dutch Grand Prix,54,Flink Strategy Engine,target_pit_any_h2_clean_actionable
2024 :: Emilia Romagna Grand Prix,55,1163,3,12,52,1151,0.06767133118048085,0.23234165954461727,2024,Emilia Romagna Grand Prix,55,Flink Strategy Engine,target_pit_any_h2_clean_actionable
2024 :: Hungarian Grand Prix,80,1256,2,8,78,1248,0.031557653405259734,0.15760953121943544,2024,Hungarian Grand Prix,56,Flink Strategy Engine,target_pit_any_h2_clean_actionable
2024 :: Italian Grand Prix,60,922,0,0,60,922,0.0,0.0,2024,Italian Grand Prix,57,Flink Strategy Engine,target_pit_any_h2_clean_actionable
2024 :: Japanese Grand Prix,67,797,2,2,65,795,0.048019997368767164,0.17255676891634328,2024,Japanese Grand Prix,58,Flink Strategy Engine,target_pit_any_h2_clean_actionable
2024 :: Las Vegas Grand Prix,81,825,10,7,71,818,0.17860380779691754,0.3498703730881389,2024,Las Vegas Grand Prix,59,Flink Strategy Engine,target_pit_any_h2_clean_actionable
2024 :: Mexico City Grand Prix,44,1061,6,27,38,1034,0.12601452890570808,0.3645456030474449,2024,Mexico City Grand Prix,60,Flink Strategy Engine,target_pit_any_h2_clean_actionable
2024 :: Miami Grand Prix,45,820,1,1,44,819,0.03829524397776407,0.1489802736982971,2024,Miami Grand Prix,61,Flink Strategy Engine,target_pit_any_h2_clean_actionable
2024 :: Monaco Grand Prix,14,1212,2,85,12,1127,0.02033116401680546,0.3644698668317901,2024,Monaco Grand Prix,62,Flink Strategy Engine,target_pit_any_h2_clean_actionable
2024 :: Qatar Grand Prix,73,715,6,1,67,714,0.13599277629075435,0.286490536112987,2024,Qatar Grand Prix,63,Flink Strategy Engine,target_pit_any_h2_clean_actionable
2024 :: Saudi Arabian Grand Prix,38,798,1,38,37,760,-0.021039603960395947,0.1583118967153259,2024,Saudi Arabian Grand Prix,64,Flink Strategy Engine,target_pit_any_h2_clean_actionable
2024 :: Singapore Grand Prix,50,1106,7,11,43,1095,0.18727215915008866,0.3723004095306757,2024,Singapore Grand Prix,65,Flink Strategy Engine,target_pit_any_h2_clean_actionable
2024 :: Spanish Grand Prix,84,1207,7,15,77,1192,0.10798347728126179,0.2868757707013971,2024,Spanish Grand Prix,66,Flink Strategy Engine,target_pit_any_h2_clean_actionable
2024 :: São Paulo Grand Prix,26,923,0,2,26,921,-0.003929273084479323,0.0,2024,São Paulo Grand Prix,67,Flink Strategy Engine,target_pit_any_h2_clean_actionable
2024 :: United States Grand Prix,45,938,4,6,41,932,0.13098843223925516,0.29718732012936955,2024,United States Grand Prix,68,Flink Strategy Engine,target_pit_any_h2_clean_actionable
2025 :: Abu Dhabi Grand Prix,54,1066,0,1,54,1065,-0.0017563260261497238,0.0,2025,Abu Dhabi Grand Prix,69,Flink Strategy Engine,target_pit_any_h2_clean_actionable
2025 :: Australian Grand Prix,58,587,13,7,45,580,0.30110439674932277,0.470600761432648,2025,Australian Grand Prix,70,Flink Strategy Engine,target_pit_any_h2_clean_actionable
2025 :: Austrian Grand Prix,64,1011,4,23,60,988,0.05450942576481688,0.24713992080397504,2025,Austrian Grand Prix,71,Flink Strategy Engine,target_pit_any_h2_clean_actionable
2025 :: Azerbaijan Grand Prix,37,856,1,26,36,830,-0.0038437828625303982,0.1618830215146443,2025,Azerbaijan Grand Prix,72,Flink Strategy Engine,target_pit_any_h2_clean_actionable
2025 :: Bahrain Grand Prix,85,938,4,2,81,936,0.0778078263986185,0.2166990652644628,2025,Bahrain Grand Prix,73,Flink Strategy Engine,target_pit_any_h2_clean_actionable
2025 :: Belgian Grand Prix,52,767,3,8,49,759,0.07472300953362543,0.23893631501224702,2025,Belgian Grand Prix,74,Flink Strategy Engine,target_pit_any_h2_clean_actionable
2025 :: British Grand Prix,59,500,10,24,49,476,0.1494111516414799,0.4016913394677433,2025,British Grand Prix,75,Flink Strategy Engine,target_pit_any_h2_clean_actionable
2025 :: Canadian Grand Prix,106,1015,2,5,104,1010,0.023963766784621754,0.13702181974881142,2025,Canadian Grand Prix,76,Flink Strategy Engine,target_pit_any_h2_clean_actionable
2025 :: Chinese Grand Prix,50,997,1,2,49,995,0.03250529977713745,0.14127943813208188,2025,Chinese Grand Prix,77,Flink Strategy Engine,target_pit_any_h2_clean_actionable
2025 :: Dutch Grand Prix,76,1045,2,5,74,1040,0.037182400330510346,0.1618328662706963,2025,Dutch Grand Prix,78,Flink Strategy Engine,target_pit_any_h2_clean_actionable
2025 :: Emilia Romagna Grand Prix,66,965,5,7,61,958,0.11068828170586276,0.2742408411207362,2025,Emilia Romagna Grand Prix,79,Flink Strategy Engine,target_pit_any_h2_clean_actionable
2025 :: Hungarian Grand Prix,60,1289,3,10,57,1279,0.06741851274802158,0.22273774355722717,2025,Hungarian Grand Prix,80,Flink Strategy Engine,target_pit_any_h2_clean_actionable
2025 :: Italian Grand Prix,40,917,1,3,39,914,0.03814492198717323,0.1578550333674316,2025,Italian Grand Prix,81,Flink Strategy Engine,target_pit_any_h2_clean_actionable
2025 :: Japanese Grand Prix,42,997,2,1,40,996,0.08395157301679446,0.21810842552369383,2025,Japanese Grand Prix,82,Flink Strategy Engine,target_pit_any_h2_clean_actionable
2025 :: Las Vegas Grand Prix,34,769,1,5,33,764,0.03777749747729575,0.17094013825062238,2025,Las Vegas Grand Prix,83,Flink Strategy Engine,target_pit_any_h2_clean_actionable
2025 :: Mexico City Grand Prix,56,1150,4,12,52,1138,0.09238005644402647,0.26586317874738613,2025,Mexico City Grand Prix,84,Flink Strategy Engine,target_pit_any_h2_clean_actionable
2025 :: Miami Grand Prix,22,468,0,5,22,463,-0.016910069177555664,0.0,2025,Miami Grand Prix,85,Flink Strategy Engine,target_pit_any_h2_clean_actionable
2025 :: Monaco Grand Prix,72,1274,2,87,70,1187,-0.03645102751483642,0.16087530937524083,2025,Monaco Grand Prix,86,Flink Strategy Engine,target_pit_any_h2_clean_actionable
2025 :: Qatar Grand Prix,85,914,0,3,85,911,-0.0058351067481292596,0.0,2025,Qatar Grand Prix,87,Flink Strategy Engine,target_pit_any_h2_clean_actionable
2025 :: Saudi Arabian Grand Prix,32,813,5,11,27,802,0.18782881424524478,0.39260147269102746,2025,Saudi Arabian Grand Prix,88,Flink Strategy Engine,target_pit_any_h2_clean_actionable
2025 :: Singapore Grand Prix,46,1165,2,24,44,1141,0.028915094339622693,0.2063554491048312,2025,Singapore Grand Prix,89,Flink Strategy Engine,target_pit_any_h2_clean_actionable
2025 :: Spanish Grand Prix,104,995,4,13,100,982,0.040604744945651805,0.1948307621981816,2025,Spanish Grand Prix,90,Flink Strategy Engine,target_pit_any_h2_clean_actionable
2025 :: São Paulo Grand Prix,70,1056,11,33,59,1023,0.15230270694903603,0.3901693771391379,2025,São Paulo Grand Prix,91,Flink Strategy Engine,target_pit_any_h2_clean_actionable
2025 :: United States Grand Prix,42,959,4,7,38,952,0.13589364844903995,0.3074783352688689,2025,United States Grand Prix,92,Flink Strategy Engine,target_pit_any_h2_clean_actionable
2022 :: Abu Dhabi Grand Prix,26,1036,2,8,24,1028,0.09885447602885022,0.2762771730148481,2022,Abu Dhabi Grand Prix,1,Flink Strategy Engine,target_pit_success_h2_clean_actionable
2022 :: Australian Grand Prix,20,821,0,18,20,803,-0.023048850758691453,0.0,2022,Australian Grand Prix,2,Flink Strategy Engine,target_pit_success_h2_clean_actionable
2022 :: Austrian Grand Prix,46,1191,3,6,43,1185,0.09811477971044691,0.25473288012083045,2022,Austrian Grand Prix,3,Flink Strategy Engine,target_pit_success_h2_clean_actionable
2022 :: Azerbaijan Grand Prix,25,748,1,5,24,743,0.05265604530279333,0.1993304299921505,2022,Azerbaijan Grand Prix,4,Flink Strategy Engine,target_pit_success_h2_clean_actionable
2022 :: Bahrain Grand Prix,49,924,0,3,49,921,-0.005844698023935502,0.0,2022,Bahrain Grand Prix,5,Flink Strategy Engine,target_pit_success_h2_clean_actionable
2022 :: Belgian Grand Prix,24,679,4,6,20,673,0.21962257706429855,0.4064405400751665,2022,Belgian Grand Prix,6,Flink Strategy Engine,target_pit_success_h2_clean_actionable
2022 :: British Grand Prix,4,271,0,0,4,271,0.0,0.0,2022,British Grand Prix,7,Flink Strategy Engine,target_pit_success_h2_clean_actionable
2022 :: Canadian Grand Prix,19,1028,0,7,19,1021,-0.009867932927734246,0.0,2022,Canadian Grand Prix,8,Flink Strategy Engine,target_pit_success_h2_clean_actionable
2022 :: Dutch Grand Prix,41,1131,2,4,39,1127,0.0768610785463072,0.220472143786381,2022,Dutch Grand Prix,9,Flink Strategy Engine,target_pit_success_h2_clean_actionable
2022 :: Emilia Romagna Grand Prix,22,1023,3,20,19,1003,0.11427205355008374,0.36564693437591095,2022,Emilia Romagna Grand Prix,10,Flink Strategy Engine,target_pit_success_h2_clean_actionable
2022 :: French Grand Prix,16,844,1,13,15,831,0.050173556326917,0.24806717290863278,2022,French Grand Prix,11,Flink Strategy Engine,target_pit_success_h2_clean_actionable
2022 :: Hungarian Grand Prix,34,1227,3,16,31,1211,0.09572633923803431,0.2951011888069334,2022,Hungarian Grand Prix,12,Flink Strategy Engine,target_pit_success_h2_clean_actionable
2022 :: Italian Grand Prix,36,781,0,4,36,777,-0.008891084218325407,0.0,2022,Italian Grand Prix,13,Flink Strategy Engine,target_pit_success_h2_clean_actionable
2022 :: Japanese Grand Prix,2,176,0,0,2,176,0.0,0.0,2022,Japanese Grand Prix,14,Flink Strategy Engine,target_pit_success_h2_clean_actionable
2022 :: Mexico City Grand Prix,12,1295,0,6,12,1289,-0.00615858352578913,0.0,2022,Mexico City Grand Prix,15,Flink Strategy Engine,target_pit_success_h2_clean_actionable
2022 :: Miami Grand Prix,21,886,0,3,21,883,-0.005822012752980443,0.0,2022,Miami Grand Prix,16,Flink Strategy Engine,target_pit_success_h2_clean_actionable
2022 :: Monaco Grand Prix,18,1006,2,41,16,965,0.041828091141900337,0.3264700994992039,2022,Monaco Grand Prix,17,Flink Strategy Engine,target_pit_success_h2_clean_actionable
2022 :: Saudi Arabian Grand Prix,10,493,0,0,10,493,0.0,0.0,2022,Saudi Arabian Grand Prix,18,Flink Strategy Engine,target_pit_success_h2_clean_actionable
2022 :: Singapore Grand Prix,7,609,0,5,7,604,-0.009560229445506607,0.0,2022,Singapore Grand Prix,19,Flink Strategy Engine,target_pit_success_h2_clean_actionable
2022 :: Spanish Grand Prix,42,1130,0,21,42,1109,-0.02447552447552459,0.0,2022,Spanish Grand Prix,20,Flink Strategy Engine,target_pit_success_h2_clean_actionable
2022 :: São Paulo Grand Prix,22,974,2,6,20,968,0.12300189650501225,0.3005812302446035,2022,São Paulo Grand Prix,21,Flink Strategy Engine,target_pit_success_h2_clean_actionable
2022 :: United States Grand Prix,26,788,0,7,26,781,-0.013736885802702048,0.0,2022,United States Grand Prix,22,Flink Strategy Engine,target_pit_success_h2_clean_actionable
2023 :: Abu Dhabi Grand Prix,44,1012,0,3,44,1009,-0.005347593582887722,0.0,2023,Abu Dhabi Grand Prix,23,Flink Strategy Engine,target_pit_success_h2_clean_actionable
2023 :: Australian Grand Prix,10,748,1,30,9,718,0.029417558605292604,0.30982140793178614,2023,Australian Grand Prix,24,Flink Strategy Engine,target_pit_success_h2_clean_actionable
2023 :: Austrian Grand Prix,22,1240,2,7,20,1233,0.1201260135309612,0.30065910002551477,2023,Austrian Grand Prix,25,Flink Strategy Engine,target_pit_success_h2_clean_actionable
2023 :: Azerbaijan Grand Prix,16,846,0,7,16,839,-0.011427405366799315,0.0,2023,Azerbaijan Grand Prix,26,Flink Strategy Engine,target_pit_success_h2_clean_actionable
2023 :: Bahrain Grand Prix,60,925,0,2,60,923,-0.003945421666940785,0.0,2023,Bahrain Grand Prix,27,Flink Strategy Engine,target_pit_success_h2_clean_actionable
2023 :: Belgian Grand Prix,36,751,3,5,33,746,0.12175496299776822,0.28771256060898576,2023,Belgian Grand Prix,28,Flink Strategy Engine,target_pit_success_h2_clean_actionable
2023 :: British Grand Prix,18,719,1,0,17,719,0.10295697000071591,0.23570226039551584,2023,British Grand Prix,29,Flink Strategy Engine,target_pit_success_h2_clean_actionable
2023 :: Canadian Grand Prix,18,1130,0,9,18,1121,-0.010563380281690238,0.0,2023,Canadian Grand Prix,30,Flink Strategy Engine,target_pit_success_h2_clean_actionable
2023 :: Dutch Grand Prix,12,1074,1,6,11,1068,0.09791849897390803,0.2878676501191171,2023,Dutch Grand Prix,31,Flink Strategy Engine,target_pit_success_h2_clean_actionable
2023 :: Hungarian Grand Prix,26,1181,0,4,26,1177,-0.005777456807955161,0.0,2023,Hungarian Grand Prix,32,Flink Strategy Engine,target_pit_success_h2_clean_actionable
2023 :: Italian Grand Prix,14,751,1,4,13,747,0.0965613060090309,0.26654854399861216,2023,Italian Grand Prix,33,Flink Strategy Engine,target_pit_success_h2_clean_actionable
2023 :: Japanese Grand Prix,15,706,1,4,14,702,0.09053959355290819,0.2574664091514848,2023,Japanese Grand Prix,34,Flink Strategy Engine,target_pit_success_h2_clean_actionable
2023 :: Las Vegas Grand Prix,18,748,2,2,16,746,0.17476657888436686,0.3328874022529667,2023,Las Vegas Grand Prix,35,Flink Strategy Engine,target_pit_success_h2_clean_actionable
2023 :: Mexico City Grand Prix,14,1148,0,12,14,1136,-0.011246485473289658,0.0,2023,Mexico City Grand Prix,36,Flink Strategy Engine,target_pit_success_h2_clean_actionable
2023 :: Miami Grand Prix,12,1096,0,1,12,1095,-0.0016689847009736525,0.0,2023,Miami Grand Prix,37,Flink Strategy Engine,target_pit_success_h2_clean_actionable
2023 :: Monaco Grand Prix,4,1449,0,49,4,1400,-0.0051163579884361265,0.0,2023,Monaco Grand Prix,38,Flink Strategy Engine,target_pit_success_h2_clean_actionable
2023 :: Qatar Grand Prix,24,874,3,2,21,872,0.19951941709944954,0.3531486355772434,2023,Qatar Grand Prix,39,Flink Strategy Engine,target_pit_success_h2_clean_actionable
2023 :: Saudi Arabian Grand Prix,12,839,0,1,12,838,-0.0021741099737295766,0.0,2023,Saudi Arabian Grand Prix,40,Flink Strategy Engine,target_pit_success_h2_clean_actionable
2023 :: Singapore Grand Prix,21,952,0,9,21,943,-0.013119533527696792,0.0,2023,Singapore Grand Prix,41,Flink Strategy Engine,target_pit_success_h2_clean_actionable
2023 :: Spanish Grand Prix,44,1223,0,7,44,1216,-0.00962484961172505,0.0,2023,Spanish Grand Prix,42,Flink Strategy Engine,target_pit_success_h2_clean_actionable
2023 :: São Paulo Grand Prix,36,998,3,4,33,994,0.1296692297192774,0.28809604647986403,2023,São Paulo Grand Prix,43,Flink Strategy Engine,target_pit_success_h2_clean_actionable
2023 :: United States Grand Prix,32,932,0,3,32,929,-0.005723142959341843,0.0,2023,United States Grand Prix,44,Flink Strategy Engine,target_pit_success_h2_clean_actionable
2024 :: Abu Dhabi Grand Prix,24,928,0,11,24,917,-0.016101488167845845,0.0,2024,Abu Dhabi Grand Prix,45,Flink Strategy Engine,target_pit_success_h2_clean_actionable
2024 :: Australian Grand Prix,16,822,0,2,16,820,-0.0042609853528630115,0.0,2024,Australian Grand Prix,46,Flink Strategy Engine,target_pit_success_h2_clean_actionable
2024 :: Austrian Grand Prix,44,1297,2,6,42,1291,0.06750883699368371,0.2127070050414225,2024,Austrian Grand Prix,47,Flink Strategy Engine,target_pit_success_h2_clean_actionable
2024 :: Azerbaijan Grand Prix,18,901,0,5,18,896,-0.008589015603378547,0.0,2024,Azerbaijan Grand Prix,48,Flink Strategy Engine,target_pit_success_h2_clean_actionable
2024 :: Bahrain Grand Prix,44,1044,3,1,41,1043,0.11906230721776678,0.26099139818556233,2024,Bahrain Grand Prix,49,Flink Strategy Engine,target_pit_success_h2_clean_actionable
2024 :: Belgian Grand Prix,12,590,0,2,12,588,-0.005727923627685039,0.0,2024,Belgian Grand Prix,50,Flink Strategy Engine,target_pit_success_h2_clean_actionable
2024 :: British Grand Prix,20,872,0,13,20,859,-0.017983123530225464,0.0,2024,British Grand Prix,51,Flink Strategy Engine,target_pit_success_h2_clean_actionable
2024 :: Canadian Grand Prix,15,1032,0,13,15,1019,-0.013482679941920761,0.0,2024,Canadian Grand Prix,52,Flink Strategy Engine,target_pit_success_h2_clean_actionable
2024 :: Chinese Grand Prix,22,802,1,4,21,798,0.06482658434719457,0.2126683791544447,2024,Chinese Grand Prix,53,Flink Strategy Engine,target_pit_success_h2_clean_actionable
2024 :: Dutch Grand Prix,12,1367,0,3,12,1364,-0.003492941347693179,0.0,2024,Dutch Grand Prix,54,Flink Strategy Engine,target_pit_success_h2_clean_actionable
2024 :: Emilia Romagna Grand Prix,20,1176,0,12,20,1164,-0.012701100762065876,0.0,2024,Emilia Romagna Grand Prix,55,Flink Strategy Engine,target_pit_success_h2_clean_actionable
2024 :: Hungarian Grand Prix,36,1288,1,9,35,1279,0.032035092383357666,0.16608334774713504,2024,Hungarian Grand Prix,56,Flink Strategy Engine,target_pit_success_h2_clean_actionable
2024 :: Italian Grand Prix,22,938,0,0,22,938,0.0,0.0,2024,Italian Grand Prix,57,Flink Strategy Engine,target_pit_success_h2_clean_actionable
2024 :: Japanese Grand Prix,17,839,0,4,17,835,-0.007623318385650224,0.0,2024,Japanese Grand Prix,58,Flink Strategy Engine,target_pit_success_h2_clean_actionable
2024 :: Las Vegas Grand Prix,44,848,6,9,38,839,0.18289545489982062,0.3673096524582798,2024,Las Vegas Grand Prix,59,Flink Strategy Engine,target_pit_success_h2_clean_actionable
2024 :: Mexico City Grand Prix,20,1071,5,28,15,1043,0.16972550130081587,0.4934207659671223,2024,Mexico City Grand Prix,60,Flink Strategy Engine,target_pit_success_h2_clean_actionable
2024 :: Miami Grand Prix,11,837,0,1,11,836,-0.002166633838881271,0.0,2024,Miami Grand Prix,61,Flink Strategy Engine,target_pit_success_h2_clean_actionable
2024 :: Monaco Grand Prix,2,1220,1,85,1,1135,0.019591014254795036,0.6820292768101891,2024,Monaco Grand Prix,62,Flink Strategy Engine,target_pit_success_h2_clean_actionable
2024 :: Qatar Grand Prix,12,750,1,2,11,748,0.12783940834653984,0.2882899774725287,2024,Qatar Grand Prix,63,Flink Strategy Engine,target_pit_success_h2_clean_actionable
2024 :: Saudi Arabian Grand Prix,20,814,1,38,19,776,0.002266717038156285,0.21832509628040397,2024,Saudi Arabian Grand Prix,64,Flink Strategy Engine,target_pit_success_h2_clean_actionable
2024 :: Singapore Grand Prix,16,1120,1,14,15,1106,0.05158912943344085,0.2484325864293974,2024,Singapore Grand Prix,65,Flink Strategy Engine,target_pit_success_h2_clean_actionable
2024 :: Spanish Grand Prix,40,1215,3,15,37,1200,0.08535388927820609,0.2721655269759087,2024,Spanish Grand Prix,66,Flink Strategy Engine,target_pit_success_h2_clean_actionable
2024 :: United States Grand Prix,22,944,1,8,21,936,0.051979695431472184,0.2122954013685148,2024,United States Grand Prix,68,Flink Strategy Engine,target_pit_success_h2_clean_actionable
2025 :: Abu Dhabi Grand Prix,34,1082,0,1,34,1081,-0.001743947476405383,0.0,2025,Abu Dhabi Grand Prix,69,Flink Strategy Engine,target_pit_success_h2_clean_actionable
2025 :: Austrian Grand Prix,18,1031,1,24,17,1007,0.027099780577736543,0.23294272418175818,2025,Austrian Grand Prix,71,Flink Strategy Engine,target_pit_success_h2_clean_actionable
2025 :: Azerbaijan Grand Prix,14,868,0,26,14,842,-0.021069692058346856,0.0,2025,Azerbaijan Grand Prix,72,Flink Strategy Engine,target_pit_success_h2_clean_actionable
2025 :: Bahrain Grand Prix,54,961,4,2,50,959,0.12401248091349659,0.271882168724199,2025,Bahrain Grand Prix,73,Flink Strategy Engine,target_pit_success_h2_clean_actionable
2025 :: Belgian Grand Prix,28,789,0,11,28,778,-0.019713892533683053,0.0,2025,Belgian Grand Prix,74,Flink Strategy Engine,target_pit_success_h2_clean_actionable
2025 :: British Grand Prix,4,512,1,26,3,486,0.05171102661596971,0.48713928962874675,2025,British Grand Prix,75,Flink Strategy Engine,target_pit_success_h2_clean_actionable
2025 :: Canadian Grand Prix,30,1065,2,5,28,1060,0.09876543209876532,0.25759207600639283,2025,Canadian Grand Prix,76,Flink Strategy Engine,target_pit_success_h2_clean_actionable
2025 :: Chinese Grand Prix,16,1021,0,2,16,1019,-0.003440490269863483,0.0,2025,Chinese Grand Prix,77,Flink Strategy Engine,target_pit_success_h2_clean_actionable
2025 :: Dutch Grand Prix,32,1059,1,5,31,1054,0.04377465063056929,0.17635888167700683,2025,Dutch Grand Prix,78,Flink Strategy Engine,target_pit_success_h2_clean_actionable
2025 :: Emilia Romagna Grand Prix,29,979,2,9,27,970,0.08552996320749962,0.26140297149765107,2025,Emilia Romagna Grand Prix,79,Flink Strategy Engine,target_pit_success_h2_clean_actionable
2025 :: Hungarian Grand Prix,14,1309,1,10,13,1299,0.0713522751548814,0.26623842437557926,2025,Hungarian Grand Prix,80,Flink Strategy Engine,target_pit_success_h2_clean_actionable
2025 :: Italian Grand Prix,12,929,0,4,12,925,-0.0064171122994651775,0.0,2025,Italian Grand Prix,81,Flink Strategy Engine,target_pit_success_h2_clean_actionable
2025 :: Japanese Grand Prix,20,1011,2,1,18,1010,0.16971135506294255,0.316071333770799,2025,Japanese Grand Prix,82,Flink Strategy Engine,target_pit_success_h2_clean_actionable
2025 :: Las Vegas Grand Prix,9,785,0,6,9,779,-0.009150991357397054,0.0,2025,Las Vegas Grand Prix,83,Flink Strategy Engine,target_pit_success_h2_clean_actionable
2025 :: Mexico City Grand Prix,30,1166,0,15,30,1151,-0.017006802721088565,0.0,2025,Mexico City Grand Prix,84,Flink Strategy Engine,target_pit_success_h2_clean_actionable
2025 :: Miami Grand Prix,2,476,0,5,2,471,-0.006013229104028905,0.0,2025,Miami Grand Prix,85,Flink Strategy Engine,target_pit_success_h2_clean_actionable
2025 :: Monaco Grand Prix,26,1292,1,88,25,1204,-0.013556369179676508,0.18931948423555606,2025,Monaco Grand Prix,86,Flink Strategy Engine,target_pit_success_h2_clean_actionable
2025 :: Qatar Grand Prix,51,934,0,3,51,931,-0.005786249149080991,0.0,2025,Qatar Grand Prix,87,Flink Strategy Engine,target_pit_success_h2_clean_actionable
2025 :: Saudi Arabian Grand Prix,14,823,0,15,14,808,-0.01760784806942528,0.0,2025,Saudi Arabian Grand Prix,88,Flink Strategy Engine,target_pit_success_h2_clean_actionable
2025 :: Singapore Grand Prix,16,1187,1,24,15,1163,0.03309770624240049,0.24745971394405555,2025,Singapore Grand Prix,89,Flink Strategy Engine,target_pit_success_h2_clean_actionable
2025 :: Spanish Grand Prix,35,1032,1,15,34,1017,0.019025461095371177,0.16779793258381343,2025,Spanish Grand Prix,90,Flink Strategy Engine,target_pit_success_h2_clean_actionable
2025 :: São Paulo Grand Prix,20,1068,4,35,16,1033,0.1140630987354706,0.4398246160504152,2025,São Paulo Grand Prix,91,Flink Strategy Engine,target_pit_success_h2_clean_actionable
2025 :: United States Grand Prix,18,973,2,9,16,964,0.12588646226581512,0.3317881280002692,2025,United States Grand Prix,92,Flink Strategy Engine,target_pit_success_h2_clean_actionable
2022 :: Abu Dhabi Grand Prix,68,1018,9,14,59,1004,0.17158143325879338,0.361293181783871,2022,Abu Dhabi Grand Prix,1,Batch No-Year,target_pit_any_h2_clean_actionable
2022 :: Australian Grand Prix,42,814,33,387,9,427,0.05890191897654573,0.6419985686605244,2022,Australian Grand Prix,2,Batch No-Year,target_pit_any_h2_clean_actionable
2022 :: Austrian Grand Prix,85,1182,0,0,85,1182,0.0,0.0,2022,Austrian Grand Prix,3,Batch No-Year,target_pit_any_h2_clean_actionable
2022 :: Azerbaijan Grand Prix,55,732,9,27,46,705,0.15084913608347994,0.3969894156336996,2022,Azerbaijan Grand Prix,4,Batch No-Year,target_pit_any_h2_clean_actionable
2022 :: Belgian Grand Prix,72,647,44,131,28,516,0.24982774799367413,0.6981243731539178,2022,Belgian Grand Prix,5,Batch No-Year,target_pit_any_h2_clean_actionable
2022 :: British Grand Prix,20,267,6,46,14,221,0.07339647008179073,0.49831175657571336,2022,British Grand Prix,6,Batch No-Year,target_pit_any_h2_clean_actionable
2022 :: Canadian Grand Prix,61,1025,0,0,61,1025,0.0,0.0,2022,Canadian Grand Prix,7,Batch No-Year,target_pit_any_h2_clean_actionable
2022 :: Dutch Grand Prix,109,1094,30,45,79,1049,0.27233880645066877,0.5137199853389314,2022,Dutch Grand Prix,8,Batch No-Year,target_pit_any_h2_clean_actionable
2022 :: Emilia Romagna Grand Prix,48,1007,18,75,30,932,0.20777103134587738,0.589126901825758,2022,Emilia Romagna Grand Prix,9,Batch No-Year,target_pit_any_h2_clean_actionable
2022 :: French Grand Prix,53,824,24,93,29,731,0.21723926021303996,0.6338153730329316,2022,French Grand Prix,10,Batch No-Year,target_pit_any_h2_clean_actionable
2022 :: Hungarian Grand Prix,81,1207,15,13,66,1194,0.25103050288540807,0.4280077652927329,2022,Hungarian Grand Prix,11,Batch No-Year,target_pit_any_h2_clean_actionable
2022 :: Italian Grand Prix,60,775,14,51,46,724,0.16132539477090346,0.46688167090137084,2022,Italian Grand Prix,12,Batch No-Year,target_pit_any_h2_clean_actionable
2022 :: Japanese Grand Prix,8,177,0,20,8,157,-0.06584362139917688,0.0,2022,Japanese Grand Prix,13,Batch No-Year,target_pit_any_h2_clean_actionable
2022 :: Mexico City Grand Prix,48,1283,30,199,18,1084,0.16693250418946481,0.7266768443849286,2022,Mexico City Grand Prix,14,Batch No-Year,target_pit_any_h2_clean_actionable
2022 :: Miami Grand Prix,47,878,16,85,31,793,0.15781046418536016,0.5544985286120494,2022,Miami Grand Prix,15,Batch No-Year,target_pit_any_h2_clean_actionable
2022 :: Monaco Grand Prix,63,980,12,26,51,954,0.2013226592412113,0.430607408813157,2022,Monaco Grand Prix,16,Batch No-Year,target_pit_any_h2_clean_actionable
2022 :: Saudi Arabian Grand Prix,31,486,1,45,30,441,-0.04919230457017609,0.1710883008582455,2022,Saudi Arabian Grand Prix,17,Batch No-Year,target_pit_any_h2_clean_actionable
2022 :: Singapore Grand Prix,38,600,0,2,38,598,-0.0059918006937873525,0.0,2022,Singapore Grand Prix,18,Batch No-Year,target_pit_any_h2_clean_actionable
2022 :: Spanish Grand Prix,106,1106,29,114,77,992,0.1472711734543526,0.49536388292396755,2022,Spanish Grand Prix,19,Batch No-Year,target_pit_any_h2_clean_actionable
2022 :: São Paulo Grand Prix,80,950,0,0,80,950,0.0,0.0,2022,São Paulo Grand Prix,20,Batch No-Year,target_pit_any_h2_clean_actionable
2022 :: United States Grand Prix,68,772,9,46,59,726,0.0797161936560935,0.3527982795148664,2022,United States Grand Prix,21,Batch No-Year,target_pit_any_h2_clean_actionable
2023 :: Abu Dhabi Grand Prix,71,993,29,94,42,899,0.2341677692511246,0.6081000599233178,2023,Abu Dhabi Grand Prix,22,Batch No-Year,target_pit_any_h2_clean_actionable
2023 :: Australian Grand Prix,25,765,0,0,25,765,0.0,0.0,2023,Australian Grand Prix,23,Batch No-Year,target_pit_any_h2_clean_actionable
2023 :: Austrian Grand Prix,81,1229,4,13,77,1216,0.06150000796013555,0.2210437970733696,2023,Austrian Grand Prix,24,Batch No-Year,target_pit_any_h2_clean_actionable
2023 :: Azerbaijan Grand Prix,45,837,1,5,44,832,0.027541514783313015,0.14862527707469658,2023,Azerbaijan Grand Prix,25,Batch No-Year,target_pit_any_h2_clean_actionable
2023 :: Bahrain Grand Prix,101,903,13,12,88,891,0.1733495809112915,0.3563739626246584,2023,Bahrain Grand Prix,26,Batch No-Year,target_pit_any_h2_clean_actionable
2023 :: Belgian Grand Prix,76,721,12,132,64,589,-0.01798608033782556,0.3591483221971556,2023,Belgian Grand Prix,27,Batch No-Year,target_pit_any_h2_clean_actionable
2023 :: British Grand Prix,38,710,24,152,14,558,0.15356928614277143,0.704533661199227,2023,British Grand Prix,28,Batch No-Year,target_pit_any_h2_clean_actionable
2023 :: Canadian Grand Prix,65,1122,3,8,62,1114,0.06411209479398994,0.21406719382432773,2023,Canadian Grand Prix,29,Batch No-Year,target_pit_any_h2_clean_actionable
2023 :: Dutch Grand Prix,125,1048,0,0,125,1048,0.0,0.0,2023,Dutch Grand Prix,30,Batch No-Year,target_pit_any_h2_clean_actionable
2023 :: Hungarian Grand Prix,74,1157,38,200,36,957,0.1672132275374948,0.6517262712307224,2023,Hungarian Grand Prix,31,Batch No-Year,target_pit_any_h2_clean_actionable
2023 :: Italian Grand Prix,42,739,2,2,40,737,0.07833661140769888,0.21792240209742278,2023,Italian Grand Prix,32,Batch No-Year,target_pit_any_h2_clean_actionable
2023 :: Japanese Grand Prix,67,694,7,6,60,688,0.150698366532517,0.3218296867657708,2023,Japanese Grand Prix,33,Batch No-Year,target_pit_any_h2_clean_actionable
2023 :: Las Vegas Grand Prix,52,738,4,6,48,732,0.11013767209011249,0.27622035778302734,2023,Las Vegas Grand Prix,34,Batch No-Year,target_pit_any_h2_clean_actionable
2023 :: Mexico City Grand Prix,51,1133,2,1,49,1132,0.06962124783906953,0.19794209764047133,2023,Mexico City Grand Prix,35,Batch No-Year,target_pit_any_h2_clean_actionable
2023 :: Miami Grand Prix,38,1080,0,0,38,1080,0.0,0.0,2023,Miami Grand Prix,36,Batch No-Year,target_pit_any_h2_clean_actionable
2023 :: Monaco Grand Prix,69,1426,0,1,69,1425,-0.001320422535211252,0.0,2023,Monaco Grand Prix,37,Batch No-Year,target_pit_any_h2_clean_actionable
2023 :: Qatar Grand Prix,100,844,0,0,100,844,0.0,0.0,2023,Qatar Grand Prix,38,Batch No-Year,target_pit_any_h2_clean_actionable
2023 :: Saudi Arabian Grand Prix,42,828,2,6,40,822,0.06556458391706355,0.2174258081658908,2023,Saudi Arabian Grand Prix,39,Batch No-Year,target_pit_any_h2_clean_actionable
2023 :: Singapore Grand Prix,47,944,0,2,47,942,-0.003886626284343997,0.0,2023,Singapore Grand Prix,40,Batch No-Year,target_pit_any_h2_clean_actionable
2023 :: Spanish Grand Prix,84,1211,13,16,71,1195,0.20357266564402,0.3907904249423884,2023,Spanish Grand Prix,41,Batch No-Year,target_pit_any_h2_clean_actionable
2023 :: São Paulo Grand Prix,70,998,4,1,66,997,0.0987909319899245,0.23892592946553648,2023,São Paulo Grand Prix,42,Batch No-Year,target_pit_any_h2_clean_actionable
2023 :: United States Grand Prix,74,910,0,3,74,907,-0.005894535606181028,0.0,2023,United States Grand Prix,43,Batch No-Year,target_pit_any_h2_clean_actionable
2024 :: Abu Dhabi Grand Prix,54,912,15,36,39,876,0.2446988177894539,0.5165393165065715,2024,Abu Dhabi Grand Prix,44,Batch No-Year,target_pit_any_h2_clean_actionable
2024 :: Australian Grand Prix,68,806,4,3,64,803,0.09350134679092248,0.2420838352152307,2024,Australian Grand Prix,45,Batch No-Year,target_pit_any_h2_clean_actionable
2024 :: Austrian Grand Prix,88,1273,0,0,88,1273,0.0,0.0,2024,Austrian Grand Prix,46,Batch No-Year,target_pit_any_h2_clean_actionable
2024 :: Azerbaijan Grand Prix,46,879,9,15,37,864,0.23091682389434298,0.4385355169358419,2024,Azerbaijan Grand Prix,47,Batch No-Year,target_pit_any_h2_clean_actionable
2024 :: Bahrain Grand Prix,84,1024,32,96,52,928,0.2315363275099348,0.5875696513930031,2024,Bahrain Grand Prix,48,Batch No-Year,target_pit_any_h2_clean_actionable
2024 :: Belgian Grand Prix,46,556,6,31,40,525,0.08204114943516183,0.35094492401723465,2024,Belgian Grand Prix,49,Batch No-Year,target_pit_any_h2_clean_actionable
2024 :: British Grand Prix,92,850,0,9,92,841,-0.017713882292535787,0.0,2024,British Grand Prix,50,Batch No-Year,target_pit_any_h2_clean_actionable
2024 :: Canadian Grand Prix,85,1023,18,36,67,987,0.21202496685815297,0.4520094860399179,2024,Canadian Grand Prix,51,Batch No-Year,target_pit_any_h2_clean_actionable
2024 :: Chinese Grand Prix,53,782,0,0,53,782,0.0,0.0,2024,Chinese Grand Prix,52,Batch No-Year,target_pit_any_h2_clean_actionable
2024 :: Dutch Grand Prix,52,1355,17,60,35,1295,0.2295743393181361,0.558969389424803,2024,Dutch Grand Prix,53,Batch No-Year,target_pit_any_h2_clean_actionable
2024 :: Emilia Romagna Grand Prix,55,1163,0,8,55,1155,-0.011601233949429135,0.0,2024,Emilia Romagna Grand Prix,54,Batch No-Year,target_pit_any_h2_clean_actionable
2024 :: Hungarian Grand Prix,80,1256,10,41,70,1215,0.11123363858656565,0.34773493639158715,2024,Hungarian Grand Prix,55,Batch No-Year,target_pit_any_h2_clean_actionable
2024 :: Italian Grand Prix,60,922,0,2,60,920,-0.003957522590858131,0.0,2024,Italian Grand Prix,56,Batch No-Year,target_pit_any_h2_clean_actionable
2024 :: Japanese Grand Prix,67,797,31,94,36,703,0.24687202456784996,0.6388397740112483,2024,Japanese Grand Prix,57,Batch No-Year,target_pit_any_h2_clean_actionable
2024 :: Las Vegas Grand Prix,81,825,0,0,81,825,0.0,0.0,2024,Las Vegas Grand Prix,58,Batch No-Year,target_pit_any_h2_clean_actionable
2024 :: Mexico City Grand Prix,44,1061,14,41,30,1020,0.24962938166515236,0.5530699639801269,2024,Mexico City Grand Prix,59,Batch No-Year,target_pit_any_h2_clean_actionable
2024 :: Miami Grand Prix,45,820,0,0,45,820,0.0,0.0,2024,Miami Grand Prix,60,Batch No-Year,target_pit_any_h2_clean_actionable
2024 :: Monaco Grand Prix,14,1212,1,68,13,1144,0.005209063770961642,0.25965559461923293,2024,Monaco Grand Prix,61,Batch No-Year,target_pit_any_h2_clean_actionable
2024 :: Qatar Grand Prix,73,715,0,18,73,697,-0.03804284887087417,0.0,2024,Qatar Grand Prix,62,Batch No-Year,target_pit_any_h2_clean_actionable
2024 :: Saudi Arabian Grand Prix,38,798,0,0,38,798,0.0,0.0,2024,Saudi Arabian Grand Prix,63,Batch No-Year,target_pit_any_h2_clean_actionable
2024 :: Singapore Grand Prix,50,1106,13,75,37,1031,0.14102223873467434,0.49230975708984176,2024,Singapore Grand Prix,64,Batch No-Year,target_pit_any_h2_clean_actionable
2024 :: Spanish Grand Prix,84,1207,10,9,74,1198,0.17435526001494817,0.3437440036311193,2024,Spanish Grand Prix,65,Batch No-Year,target_pit_any_h2_clean_actionable
2024 :: São Paulo Grand Prix,26,923,1,19,25,904,0.020134228187919545,0.19408710883814884,2024,São Paulo Grand Prix,66,Batch No-Year,target_pit_any_h2_clean_actionable
2024 :: United States Grand Prix,45,938,25,192,20,746,0.12444541543425658,0.6647092799961903,2024,United States Grand Prix,67,Batch No-Year,target_pit_any_h2_clean_actionable
2025 :: Abu Dhabi Grand Prix,54,1066,4,10,50,1056,0.0997749437359341,0.27088594524340837,2025,Abu Dhabi Grand Prix,68,Batch No-Year,target_pit_any_h2_clean_actionable
2025 :: Australian Grand Prix,58,587,1,7,57,580,0.00869314634263485,0.13052116735521604,2025,Australian Grand Prix,69,Batch No-Year,target_pit_any_h2_clean_actionable
2025 :: Austrian Grand Prix,64,1011,16,29,48,982,0.25705694924381817,0.4927767063232166,2025,Austrian Grand Prix,70,Batch No-Year,target_pit_any_h2_clean_actionable
2025 :: Azerbaijan Grand Prix,37,856,0,5,37,851,-0.009963377854373068,0.0,2025,Azerbaijan Grand Prix,71,Batch No-Year,target_pit_any_h2_clean_actionable
2025 :: Bahrain Grand Prix,85,938,64,170,21,768,0.31813565887415074,0.7851627997425669,2025,Bahrain Grand Prix,72,Batch No-Year,target_pit_any_h2_clean_actionable
2025 :: Belgian Grand Prix,52,767,0,0,52,767,0.0,0.0,2025,Belgian Grand Prix,73,Batch No-Year,target_pit_any_h2_clean_actionable
2025 :: British Grand Prix,59,500,17,56,42,444,0.15945008745818878,0.5058304130631738,2025,British Grand Prix,74,Batch No-Year,target_pit_any_h2_clean_actionable
2025 :: Canadian Grand Prix,106,1015,3,8,103,1007,0.034108286435086344,0.1675673528286168,2025,Canadian Grand Prix,75,Batch No-Year,target_pit_any_h2_clean_actionable
2025 :: Chinese Grand Prix,50,997,0,1,50,996,-0.001876278214533622,0.0,2025,Chinese Grand Prix,76,Batch No-Year,target_pit_any_h2_clean_actionable
2025 :: Dutch Grand Prix,76,1045,0,0,76,1045,0.0,0.0,2025,Dutch Grand Prix,77,Batch No-Year,target_pit_any_h2_clean_actionable
2025 :: Emilia Romagna Grand Prix,66,965,19,50,47,915,0.23117076808351977,0.5224584083990131,2025,Emilia Romagna Grand Prix,78,Batch No-Year,target_pit_any_h2_clean_actionable
2025 :: Hungarian Grand Prix,60,1289,9,57,51,1232,0.10096634455181608,0.3786382853395877,2025,Hungarian Grand Prix,79,Batch No-Year,target_pit_any_h2_clean_actionable
2025 :: Italian Grand Prix,40,917,0,0,40,917,0.0,0.0,2025,Italian Grand Prix,80,Batch No-Year,target_pit_any_h2_clean_actionable
2025 :: Japanese Grand Prix,42,997,4,13,38,984,0.11497670068311261,0.30658811871613584,2025,Japanese Grand Prix,81,Batch No-Year,target_pit_any_h2_clean_actionable
2025 :: Las Vegas Grand Prix,34,769,0,1,34,768,-0.0024253664800084618,0.0,2025,Las Vegas Grand Prix,82,Batch No-Year,target_pit_any_h2_clean_actionable
2025 :: Mexico City Grand Prix,56,1150,8,32,48,1118,0.1331224841863139,0.37266873705429027,2025,Mexico City Grand Prix,83,Batch No-Year,target_pit_any_h2_clean_actionable
2025 :: Miami Grand Prix,22,468,0,0,22,468,0.0,0.0,2025,Miami Grand Prix,84,Batch No-Year,target_pit_any_h2_clean_actionable
2025 :: Monaco Grand Prix,72,1274,0,0,72,1274,0.0,0.0,2025,Monaco Grand Prix,85,Batch No-Year,target_pit_any_h2_clean_actionable
2025 :: Qatar Grand Prix,85,914,2,7,83,907,0.02669524551831648,0.15280447765798122,2025,Qatar Grand Prix,86,Batch No-Year,target_pit_any_h2_clean_actionable
2025 :: Saudi Arabian Grand Prix,32,813,15,61,17,752,0.23711745914162685,0.6584674143747418,2025,Saudi Arabian Grand Prix,87,Batch No-Year,target_pit_any_h2_clean_actionable
2025 :: Singapore Grand Prix,46,1165,0,0,46,1165,0.0,0.0,2025,Singapore Grand Prix,88,Batch No-Year,target_pit_any_h2_clean_actionable
2025 :: Spanish Grand Prix,104,995,26,36,78,959,0.261015229624037,0.4908714433223293,2025,Spanish Grand Prix,89,Batch No-Year,target_pit_any_h2_clean_actionable
2025 :: São Paulo Grand Prix,70,1056,0,0,70,1056,0.0,0.0,2025,São Paulo Grand Prix,90,Batch No-Year,target_pit_any_h2_clean_actionable
2025 :: United States Grand Prix,42,959,19,99,23,860,0.18719716734998137,0.6369305459650494,2025,United States Grand Prix,91,Batch No-Year,target_pit_any_h2_clean_actionable
2022 :: Abu Dhabi Grand Prix,26,1036,0,0,26,1036,0.0,0.0,2022,Abu Dhabi Grand Prix,1,Batch No-Year,target_pit_success_h2_clean_actionable
2022 :: Australian Grand Prix,20,821,2,20,18,801,0.07212124731432557,0.3123522793366825,2022,Australian Grand Prix,2,Batch No-Year,target_pit_success_h2_clean_actionable
2022 :: Austrian Grand Prix,46,1191,0,0,46,1191,0.0,0.0,2022,Austrian Grand Prix,3,Batch No-Year,target_pit_success_h2_clean_actionable
2022 :: Azerbaijan Grand Prix,25,748,0,0,25,748,0.0,0.0,2022,Azerbaijan Grand Prix,4,Batch No-Year,target_pit_success_h2_clean_actionable
2022 :: Belgian Grand Prix,24,679,0,0,24,679,0.0,0.0,2022,Belgian Grand Prix,5,Batch No-Year,target_pit_success_h2_clean_actionable
2022 :: British Grand Prix,4,271,0,0,4,271,0.0,0.0,2022,British Grand Prix,6,Batch No-Year,target_pit_success_h2_clean_actionable
2022 :: Canadian Grand Prix,19,1028,0,0,19,1028,0.0,0.0,2022,Canadian Grand Prix,7,Batch No-Year,target_pit_success_h2_clean_actionable
2022 :: Dutch Grand Prix,41,1131,0,0,41,1131,0.0,0.0,2022,Dutch Grand Prix,8,Batch No-Year,target_pit_success_h2_clean_actionable
2022 :: Emilia Romagna Grand Prix,22,1023,0,0,22,1023,0.0,0.0,2022,Emilia Romagna Grand Prix,9,Batch No-Year,target_pit_success_h2_clean_actionable
2022 :: French Grand Prix,16,844,0,0,16,844,0.0,0.0,2022,French Grand Prix,10,Batch No-Year,target_pit_success_h2_clean_actionable
2022 :: Hungarian Grand Prix,34,1227,0,0,34,1227,0.0,0.0,2022,Hungarian Grand Prix,11,Batch No-Year,target_pit_success_h2_clean_actionable
2022 :: Italian Grand Prix,36,781,0,0,36,781,0.0,0.0,2022,Italian Grand Prix,12,Batch No-Year,target_pit_success_h2_clean_actionable
2022 :: Japanese Grand Prix,2,176,0,0,2,176,0.0,0.0,2022,Japanese Grand Prix,13,Batch No-Year,target_pit_success_h2_clean_actionable
2022 :: Mexico City Grand Prix,12,1295,0,0,12,1295,0.0,0.0,2022,Mexico City Grand Prix,14,Batch No-Year,target_pit_success_h2_clean_actionable
2022 :: Miami Grand Prix,21,886,0,0,21,886,0.0,0.0,2022,Miami Grand Prix,15,Batch No-Year,target_pit_success_h2_clean_actionable
2022 :: Monaco Grand Prix,18,1006,0,0,18,1006,0.0,0.0,2022,Monaco Grand Prix,16,Batch No-Year,target_pit_success_h2_clean_actionable
2022 :: Saudi Arabian Grand Prix,10,493,0,0,10,493,0.0,0.0,2022,Saudi Arabian Grand Prix,17,Batch No-Year,target_pit_success_h2_clean_actionable
2022 :: Singapore Grand Prix,7,609,0,0,7,609,0.0,0.0,2022,Singapore Grand Prix,18,Batch No-Year,target_pit_success_h2_clean_actionable
2022 :: Spanish Grand Prix,42,1130,0,0,42,1130,0.0,0.0,2022,Spanish Grand Prix,19,Batch No-Year,target_pit_success_h2_clean_actionable
2022 :: São Paulo Grand Prix,22,974,0,0,22,974,0.0,0.0,2022,São Paulo Grand Prix,20,Batch No-Year,target_pit_success_h2_clean_actionable
2022 :: United States Grand Prix,26,788,0,0,26,788,0.0,0.0,2022,United States Grand Prix,21,Batch No-Year,target_pit_success_h2_clean_actionable
2023 :: Abu Dhabi Grand Prix,44,1012,2,0,42,1012,0.08363636363636351,0.21320071635561044,2023,Abu Dhabi Grand Prix,22,Batch No-Year,target_pit_success_h2_clean_actionable
2023 :: Australian Grand Prix,10,748,0,0,10,748,0.0,0.0,2023,Australian Grand Prix,23,Batch No-Year,target_pit_success_h2_clean_actionable
2023 :: Austrian Grand Prix,22,1240,0,0,22,1240,0.0,0.0,2023,Austrian Grand Prix,24,Batch No-Year,target_pit_success_h2_clean_actionable
2023 :: Azerbaijan Grand Prix,16,846,0,0,16,846,0.0,0.0,2023,Azerbaijan Grand Prix,25,Batch No-Year,target_pit_success_h2_clean_actionable
2023 :: Bahrain Grand Prix,60,925,0,0,60,925,0.0,0.0,2023,Bahrain Grand Prix,26,Batch No-Year,target_pit_success_h2_clean_actionable
2023 :: Belgian Grand Prix,36,751,0,0,36,751,0.0,0.0,2023,Belgian Grand Prix,27,Batch No-Year,target_pit_success_h2_clean_actionable
2023 :: British Grand Prix,18,719,1,0,17,719,0.10295697000071591,0.23570226039551584,2023,British Grand Prix,28,Batch No-Year,target_pit_success_h2_clean_actionable
2023 :: Canadian Grand Prix,18,1130,0,0,18,1130,0.0,0.0,2023,Canadian Grand Prix,29,Batch No-Year,target_pit_success_h2_clean_actionable
2023 :: Dutch Grand Prix,12,1074,0,0,12,1074,0.0,0.0,2023,Dutch Grand Prix,30,Batch No-Year,target_pit_success_h2_clean_actionable
2023 :: Hungarian Grand Prix,26,1181,0,0,26,1181,0.0,0.0,2023,Hungarian Grand Prix,31,Batch No-Year,target_pit_success_h2_clean_actionable
2023 :: Italian Grand Prix,14,751,0,0,14,751,0.0,0.0,2023,Italian Grand Prix,32,Batch No-Year,target_pit_success_h2_clean_actionable
2023 :: Japanese Grand Prix,15,706,1,1,14,705,0.11330655079117802,0.25801596454549075,2023,Japanese Grand Prix,33,Batch No-Year,target_pit_success_h2_clean_actionable
2023 :: Las Vegas Grand Prix,18,748,0,0,18,748,0.0,0.0,2023,Las Vegas Grand Prix,34,Batch No-Year,target_pit_success_h2_clean_actionable
2023 :: Mexico City Grand Prix,14,1148,0,0,14,1148,0.0,0.0,2023,Mexico City Grand Prix,35,Batch No-Year,target_pit_success_h2_clean_actionable
2023 :: Miami Grand Prix,12,1096,0,0,12,1096,0.0,0.0,2023,Miami Grand Prix,36,Batch No-Year,target_pit_success_h2_clean_actionable
2023 :: Monaco Grand Prix,4,1449,0,0,4,1449,0.0,0.0,2023,Monaco Grand Prix,37,Batch No-Year,target_pit_success_h2_clean_actionable
2023 :: Qatar Grand Prix,24,874,0,0,24,874,0.0,0.0,2023,Qatar Grand Prix,38,Batch No-Year,target_pit_success_h2_clean_actionable
2023 :: Saudi Arabian Grand Prix,12,839,0,0,12,839,0.0,0.0,2023,Saudi Arabian Grand Prix,39,Batch No-Year,target_pit_success_h2_clean_actionable
2023 :: Singapore Grand Prix,21,952,0,0,21,952,0.0,0.0,2023,Singapore Grand Prix,40,Batch No-Year,target_pit_success_h2_clean_actionable
2023 :: Spanish Grand Prix,44,1223,0,0,44,1223,0.0,0.0,2023,Spanish Grand Prix,41,Batch No-Year,target_pit_success_h2_clean_actionable
2023 :: São Paulo Grand Prix,36,998,0,0,36,998,0.0,0.0,2023,São Paulo Grand Prix,42,Batch No-Year,target_pit_success_h2_clean_actionable
2023 :: United States Grand Prix,32,932,0,1,32,931,-0.002015875015749069,0.0,2023,United States Grand Prix,43,Batch No-Year,target_pit_success_h2_clean_actionable
2024 :: Abu Dhabi Grand Prix,24,928,0,0,24,928,0.0,0.0,2024,Abu Dhabi Grand Prix,44,Batch No-Year,target_pit_success_h2_clean_actionable
2024 :: Australian Grand Prix,16,822,0,0,16,822,0.0,0.0,2024,Australian Grand Prix,45,Batch No-Year,target_pit_success_h2_clean_actionable
2024 :: Austrian Grand Prix,44,1297,0,0,44,1297,0.0,0.0,2024,Austrian Grand Prix,46,Batch No-Year,target_pit_success_h2_clean_actionable
2024 :: Azerbaijan Grand Prix,18,901,1,1,17,900,0.09646056368800537,0.23557142371577275,2024,Azerbaijan Grand Prix,47,Batch No-Year,target_pit_success_h2_clean_actionable
2024 :: Bahrain Grand Prix,44,1044,0,0,44,1044,0.0,0.0,2024,Bahrain Grand Prix,48,Batch No-Year,target_pit_success_h2_clean_actionable
2024 :: Belgian Grand Prix,12,590,0,0,12,590,0.0,0.0,2024,Belgian Grand Prix,49,Batch No-Year,target_pit_success_h2_clean_actionable
2024 :: British Grand Prix,20,872,0,0,20,872,0.0,0.0,2024,British Grand Prix,50,Batch No-Year,target_pit_success_h2_clean_actionable
2024 :: Canadian Grand Prix,15,1032,0,0,15,1032,0.0,0.0,2024,Canadian Grand Prix,51,Batch No-Year,target_pit_success_h2_clean_actionable
2024 :: Chinese Grand Prix,22,802,0,0,22,802,0.0,0.0,2024,Chinese Grand Prix,52,Batch No-Year,target_pit_success_h2_clean_actionable
2024 :: Dutch Grand Prix,12,1367,0,0,12,1367,0.0,0.0,2024,Dutch Grand Prix,53,Batch No-Year,target_pit_success_h2_clean_actionable
2024 :: Emilia Romagna Grand Prix,20,1176,0,0,20,1176,0.0,0.0,2024,Emilia Romagna Grand Prix,54,Batch No-Year,target_pit_success_h2_clean_actionable
2024 :: Hungarian Grand Prix,36,1288,1,2,35,1286,0.04729677168416946,0.16653721680894834,2024,Hungarian Grand Prix,55,Batch No-Year,target_pit_success_h2_clean_actionable
2024 :: Italian Grand Prix,22,938,0,0,22,938,0.0,0.0,2024,Italian Grand Prix,56,Batch No-Year,target_pit_success_h2_clean_actionable
2024 :: Japanese Grand Prix,17,839,0,0,17,839,0.0,0.0,2024,Japanese Grand Prix,57,Batch No-Year,target_pit_success_h2_clean_actionable
2024 :: Las Vegas Grand Prix,44,848,0,0,44,848,0.0,0.0,2024,Las Vegas Grand Prix,58,Batch No-Year,target_pit_success_h2_clean_actionable
2024 :: Mexico City Grand Prix,20,1071,0,0,20,1071,0.0,0.0,2024,Mexico City Grand Prix,59,Batch No-Year,target_pit_success_h2_clean_actionable
2024 :: Miami Grand Prix,11,837,0,0,11,837,0.0,0.0,2024,Miami Grand Prix,60,Batch No-Year,target_pit_success_h2_clean_actionable
2024 :: Monaco Grand Prix,2,1220,0,0,2,1220,0.0,0.0,2024,Monaco Grand Prix,61,Batch No-Year,target_pit_success_h2_clean_actionable
2024 :: Qatar Grand Prix,12,750,0,0,12,750,0.0,0.0,2024,Qatar Grand Prix,62,Batch No-Year,target_pit_success_h2_clean_actionable
2024 :: Saudi Arabian Grand Prix,20,814,0,0,20,814,0.0,0.0,2024,Saudi Arabian Grand Prix,63,Batch No-Year,target_pit_success_h2_clean_actionable
2024 :: Singapore Grand Prix,16,1120,0,0,16,1120,0.0,0.0,2024,Singapore Grand Prix,64,Batch No-Year,target_pit_success_h2_clean_actionable
2024 :: Spanish Grand Prix,40,1215,0,0,40,1215,0.0,0.0,2024,Spanish Grand Prix,65,Batch No-Year,target_pit_success_h2_clean_actionable
2024 :: United States Grand Prix,22,944,0,0,22,944,0.0,0.0,2024,United States Grand Prix,67,Batch No-Year,target_pit_success_h2_clean_actionable
2025 :: Abu Dhabi Grand Prix,34,1082,0,0,34,1082,0.0,0.0,2025,Abu Dhabi Grand Prix,68,Batch No-Year,target_pit_success_h2_clean_actionable
2025 :: Austrian Grand Prix,18,1031,0,0,18,1031,0.0,0.0,2025,Austrian Grand Prix,70,Batch No-Year,target_pit_success_h2_clean_actionable
2025 :: Azerbaijan Grand Prix,14,868,0,0,14,868,0.0,0.0,2025,Azerbaijan Grand Prix,71,Batch No-Year,target_pit_success_h2_clean_actionable
2025 :: Bahrain Grand Prix,54,961,7,5,47,956,0.1965780741011356,0.3591032969252246,2025,Bahrain Grand Prix,72,Batch No-Year,target_pit_success_h2_clean_actionable
2025 :: Belgian Grand Prix,28,789,0,0,28,789,0.0,0.0,2025,Belgian Grand Prix,73,Batch No-Year,target_pit_success_h2_clean_actionable
2025 :: British Grand Prix,4,512,0,0,4,512,0.0,0.0,2025,British Grand Prix,74,Batch No-Year,target_pit_success_h2_clean_actionable
2025 :: Canadian Grand Prix,30,1065,0,0,30,1065,0.0,0.0,2025,Canadian Grand Prix,75,Batch No-Year,target_pit_success_h2_clean_actionable
2025 :: Chinese Grand Prix,16,1021,0,0,16,1021,0.0,0.0,2025,Chinese Grand Prix,76,Batch No-Year,target_pit_success_h2_clean_actionable
2025 :: Dutch Grand Prix,32,1059,0,0,32,1059,0.0,0.0,2025,Dutch Grand Prix,77,Batch No-Year,target_pit_success_h2_clean_actionable
2025 :: Emilia Romagna Grand Prix,29,979,0,0,29,979,0.0,0.0,2025,Emilia Romagna Grand Prix,78,Batch No-Year,target_pit_success_h2_clean_actionable
2025 :: Hungarian Grand Prix,14,1309,0,0,14,1309,0.0,0.0,2025,Hungarian Grand Prix,79,Batch No-Year,target_pit_success_h2_clean_actionable
2025 :: Italian Grand Prix,12,929,0,0,12,929,0.0,0.0,2025,Italian Grand Prix,80,Batch No-Year,target_pit_success_h2_clean_actionable
2025 :: Japanese Grand Prix,20,1011,0,0,20,1011,0.0,0.0,2025,Japanese Grand Prix,81,Batch No-Year,target_pit_success_h2_clean_actionable
2025 :: Las Vegas Grand Prix,9,785,0,0,9,785,0.0,0.0,2025,Las Vegas Grand Prix,82,Batch No-Year,target_pit_success_h2_clean_actionable
2025 :: Mexico City Grand Prix,30,1166,0,0,30,1166,0.0,0.0,2025,Mexico City Grand Prix,83,Batch No-Year,target_pit_success_h2_clean_actionable
2025 :: Miami Grand Prix,2,476,0,0,2,476,0.0,0.0,2025,Miami Grand Prix,84,Batch No-Year,target_pit_success_h2_clean_actionable
2025 :: Monaco Grand Prix,26,1292,0,0,26,1292,0.0,0.0,2025,Monaco Grand Prix,85,Batch No-Year,target_pit_success_h2_clean_actionable
2025 :: Qatar Grand Prix,51,934,0,0,51,934,0.0,0.0,2025,Qatar Grand Prix,86,Batch No-Year,target_pit_success_h2_clean_actionable
2025 :: Saudi Arabian Grand Prix,14,823,0,0,14,823,0.0,0.0,2025,Saudi Arabian Grand Prix,87,Batch No-Year,target_pit_success_h2_clean_actionable
2025 :: Singapore Grand Prix,16,1187,0,0,16,1187,0.0,0.0,2025,Singapore Grand Prix,88,Batch No-Year,target_pit_success_h2_clean_actionable
2025 :: Spanish Grand Prix,35,1032,0,0,35,1032,0.0,0.0,2025,Spanish Grand Prix,89,Batch No-Year,target_pit_success_h2_clean_actionable
2025 :: São Paulo Grand Prix,20,1068,0,0,20,1068,0.0,0.0,2025,São Paulo Grand Prix,90,Batch No-Year,target_pit_success_h2_clean_actionable
2025 :: United States Grand Prix,18,973,0,1,18,972,-0.001915606874900222,0.0,2025,United States Grand Prix,91,Batch No-Year,target_pit_success_h2_clean_actionable
2022 :: Abu Dhabi Grand Prix,68,1018,6,3,62,1015,0.14330444913711482,0.29660625194513157,2022,Abu Dhabi Grand Prix,1,Batch Percent,target_pit_any_h2_clean_actionable
2022 :: Australian Grand Prix,42,814,33,243,9,571,0.13377023901310703,0.7424003644653612,2022,Australian Grand Prix,2,Batch Percent,target_pit_any_h2_clean_actionable
2022 :: Austrian Grand Prix,85,1182,36,150,49,1032,0.19119963302399146,0.6080970518633689,2022,Austrian Grand Prix,3,Batch Percent,target_pit_any_h2_clean_actionable
2022 :: Azerbaijan Grand Prix,55,732,10,21,45,711,0.1918409260642271,0.4202405102297398,2022,Azerbaijan Grand Prix,4,Batch Percent,target_pit_any_h2_clean_actionable
2022 :: Belgian Grand Prix,72,647,35,24,37,623,0.4881845658338487,0.6841631156481081,2022,Belgian Grand Prix,5,Batch Percent,target_pit_any_h2_clean_actionable
2022 :: British Grand Prix,20,267,11,54,9,213,0.1704060564349622,0.6623926667346343,2022,British Grand Prix,6,Batch Percent,target_pit_any_h2_clean_actionable
2022 :: Canadian Grand Prix,61,1025,9,19,52,1006,0.17301958428966735,0.38053393747335124,2022,Canadian Grand Prix,7,Batch Percent,target_pit_any_h2_clean_actionable
2022 :: Dutch Grand Prix,109,1094,46,70,63,1024,0.34797279399479186,0.628502463341803,2022,Dutch Grand Prix,8,Batch Percent,target_pit_any_h2_clean_actionable
2022 :: Emilia Romagna Grand Prix,48,1007,35,126,13,881,0.28479460005169743,0.7987054031905213,2022,Emilia Romagna Grand Prix,9,Batch Percent,target_pit_any_h2_clean_actionable
2022 :: French Grand Prix,53,824,22,47,31,777,0.31374398073836285,0.6256339521602243,2022,French Grand Prix,10,Batch Percent,target_pit_any_h2_clean_actionable
2022 :: Hungarian Grand Prix,81,1207,60,154,21,1053,0.34721916522827057,0.8038845210073158,2022,Hungarian Grand Prix,11,Batch Percent,target_pit_any_h2_clean_actionable
2022 :: Italian Grand Prix,60,775,21,89,39,686,0.16986407766990286,0.5566025975621235,2022,Italian Grand Prix,12,Batch Percent,target_pit_any_h2_clean_actionable
2022 :: Japanese Grand Prix,8,177,0,30,8,147,-0.07328244274809159,0.0,2022,Japanese Grand Prix,13,Batch Percent,target_pit_any_h2_clean_actionable
2022 :: Mexico City Grand Prix,48,1283,41,341,7,942,0.13529154796530607,0.7919238687359621,2022,Mexico City Grand Prix,14,Batch Percent,target_pit_any_h2_clean_actionable
2022 :: Miami Grand Prix,47,878,4,25,43,853,0.0691686151478379,0.28754665795677103,2022,Miami Grand Prix,15,Batch Percent,target_pit_any_h2_clean_actionable
2022 :: Monaco Grand Prix,63,980,0,52,63,928,-0.05778134452743999,0.0,2022,Monaco Grand Prix,16,Batch Percent,target_pit_any_h2_clean_actionable
2022 :: Saudi Arabian Grand Prix,31,486,1,13,30,473,0.007411706925034567,0.17718689138204255,2022,Saudi Arabian Grand Prix,17,Batch Percent,target_pit_any_h2_clean_actionable
2022 :: Singapore Grand Prix,38,600,0,20,38,580,-0.042836207868335086,0.0,2022,Singapore Grand Prix,18,Batch Percent,target_pit_any_h2_clean_actionable
2022 :: Spanish Grand Prix,106,1106,42,67,64,1039,0.33140749225171806,0.6101012613333029,2022,Spanish Grand Prix,19,Batch Percent,target_pit_any_h2_clean_actionable
2022 :: São Paulo Grand Prix,80,950,14,5,66,945,0.2607904578995248,0.41722769247548874,2022,São Paulo Grand Prix,20,Batch Percent,target_pit_any_h2_clean_actionable
2022 :: United States Grand Prix,68,772,11,24,57,748,0.1678082191780823,0.395898662911782,2022,United States Grand Prix,21,Batch Percent,target_pit_any_h2_clean_actionable
2023 :: Abu Dhabi Grand Prix,71,993,34,79,37,914,0.3132810326601013,0.6639093084404735,2023,Abu Dhabi Grand Prix,22,Batch Percent,target_pit_any_h2_clean_actionable
2023 :: Australian Grand Prix,25,765,1,11,24,754,0.03422982885085579,0.19855688505138064,2023,Australian Grand Prix,23,Batch Percent,target_pit_any_h2_clean_actionable
2023 :: Austrian Grand Prix,81,1229,1,0,80,1229,0.022916705513807867,0.1111111111111111,2023,Austrian Grand Prix,24,Batch Percent,target_pit_any_h2_clean_actionable
2023 :: Azerbaijan Grand Prix,45,837,1,17,44,820,0.002669336002669387,0.14754956732389898,2023,Azerbaijan Grand Prix,25,Batch Percent,target_pit_any_h2_clean_actionable
2023 :: Bahrain Grand Prix,101,903,15,6,86,897,0.218848840552746,0.38409379302551727,2023,Bahrain Grand Prix,26,Batch Percent,target_pit_any_h2_clean_actionable
2023 :: Belgian Grand Prix,76,721,33,54,43,667,0.33746689862623946,0.6337901106617094,2023,Belgian Grand Prix,27,Batch Percent,target_pit_any_h2_clean_actionable
2023 :: British Grand Prix,38,710,17,35,21,675,0.3389723519757607,0.6521618266840217,2023,British Grand Prix,28,Batch Percent,target_pit_any_h2_clean_actionable
2023 :: Canadian Grand Prix,65,1122,3,18,62,1104,0.04420645784684751,0.21310422360735246,2023,Canadian Grand Prix,29,Batch Percent,target_pit_any_h2_clean_actionable
2023 :: Dutch Grand Prix,125,1048,3,4,122,1044,0.034542675358948616,0.1546234036184849,2023,Dutch Grand Prix,30,Batch Percent,target_pit_any_h2_clean_actionable
2023 :: Hungarian Grand Prix,74,1157,42,88,32,1069,0.36295734073933517,0.7241540409062651,2023,Hungarian Grand Prix,31,Batch Percent,target_pit_any_h2_clean_actionable
2023 :: Italian Grand Prix,42,739,11,10,31,729,0.3250068509032652,0.5082919624767835,2023,Italian Grand Prix,32,Batch Percent,target_pit_any_h2_clean_actionable
2023 :: Japanese Grand Prix,67,694,28,40,39,654,0.35786078207278127,0.6275534959295058,2023,Japanese Grand Prix,33,Batch Percent,target_pit_any_h2_clean_actionable
2023 :: Las Vegas Grand Prix,52,738,20,45,32,693,0.28994980740049026,0.6009685740676343,2023,Las Vegas Grand Prix,34,Batch Percent,target_pit_any_h2_clean_actionable
2023 :: Mexico City Grand Prix,51,1133,6,17,45,1116,0.13911105898909348,0.34041420910022757,2023,Mexico City Grand Prix,35,Batch Percent,target_pit_any_h2_clean_actionable
2023 :: Miami Grand Prix,38,1080,2,2,36,1078,0.0893423647432049,0.22920321346008402,2023,Miami Grand Prix,36,Batch Percent,target_pit_any_h2_clean_actionable
2023 :: Monaco Grand Prix,69,1426,2,11,67,1415,0.034653465346534795,0.1695933854164568,2023,Monaco Grand Prix,37,Batch Percent,target_pit_any_h2_clean_actionable
2023 :: Qatar Grand Prix,100,844,2,0,98,844,0.0352077423660937,0.1414213562373095,2023,Qatar Grand Prix,38,Batch Percent,target_pit_any_h2_clean_actionable
2023 :: Saudi Arabian Grand Prix,42,828,13,16,29,812,0.3401759530791789,0.5509470692433989,2023,Saudi Arabian Grand Prix,39,Batch Percent,target_pit_any_h2_clean_actionable
2023 :: Singapore Grand Prix,47,944,26,49,21,895,0.3907002072866529,0.7242079125589933,2023,Singapore Grand Prix,40,Batch Percent,target_pit_any_h2_clean_actionable
2023 :: Spanish Grand Prix,84,1211,25,45,59,1166,0.28235732935471836,0.5353127222376076,2023,Spanish Grand Prix,41,Batch Percent,target_pit_any_h2_clean_actionable
2023 :: São Paulo Grand Prix,70,998,0,0,70,998,0.0,0.0,2023,São Paulo Grand Prix,42,Batch Percent,target_pit_any_h2_clean_actionable
2023 :: United States Grand Prix,74,910,35,61,39,849,0.3571652555660082,0.6642802053863951,2023,United States Grand Prix,43,Batch Percent,target_pit_any_h2_clean_actionable
2024 :: Abu Dhabi Grand Prix,54,912,33,95,21,817,0.30824505518927325,0.7399011445481779,2024,Abu Dhabi Grand Prix,44,Batch Percent,target_pit_any_h2_clean_actionable
2024 :: Australian Grand Prix,68,806,12,8,56,798,0.24606426568902295,0.4179940419686579,2024,Australian Grand Prix,45,Batch Percent,target_pit_any_h2_clean_actionable
2024 :: Austrian Grand Prix,88,1273,21,10,67,1263,0.3303834431288857,0.486581714962656,2024,Austrian Grand Prix,46,Batch Percent,target_pit_any_h2_clean_actionable
2024 :: Azerbaijan Grand Prix,46,879,29,139,17,740,0.20928907251745255,0.7285200444812491,2024,Azerbaijan Grand Prix,47,Batch Percent,target_pit_any_h2_clean_actionable
2024 :: Bahrain Grand Prix,84,1024,69,112,15,912,0.4653891159977508,0.8553273182990073,2024,Bahrain Grand Prix,48,Batch Percent,target_pit_any_h2_clean_actionable
2024 :: Belgian Grand Prix,46,556,27,84,19,472,0.26447771108633245,0.7058892527584177,2024,Belgian Grand Prix,49,Batch Percent,target_pit_any_h2_clean_actionable
2024 :: British Grand Prix,92,850,7,33,85,817,0.04981877863639472,0.27043112307455613,2024,British Grand Prix,50,Batch Percent,target_pit_any_h2_clean_actionable
2024 :: Canadian Grand Prix,85,1023,23,93,62,930,0.1539401343921808,0.4959730887990136,2024,Canadian Grand Prix,51,Batch Percent,target_pit_any_h2_clean_actionable
2024 :: Chinese Grand Prix,53,782,27,38,26,744,0.41684853775643826,0.696188810049779,2024,Chinese Grand Prix,52,Batch Percent,target_pit_any_h2_clean_actionable
2024 :: Dutch Grand Prix,52,1355,49,275,3,1080,0.21034207083676537,0.8666397369849022,2024,Dutch Grand Prix,53,Batch Percent,target_pit_any_h2_clean_actionable
2024 :: Emilia Romagna Grand Prix,55,1163,10,55,45,1108,0.12380404287461333,0.4161967437878292,2024,Emilia Romagna Grand Prix,54,Batch Percent,target_pit_any_h2_clean_actionable
2024 :: Hungarian Grand Prix,80,1256,41,67,39,1189,0.39451361335339985,0.6965351578453521,2024,Hungarian Grand Prix,55,Batch Percent,target_pit_any_h2_clean_actionable
2024 :: Italian Grand Prix,60,922,6,13,54,909,0.12621849185901357,0.31399048025692433,2024,Italian Grand Prix,56,Batch Percent,target_pit_any_h2_clean_actionable
2024 :: Japanese Grand Prix,67,797,43,110,24,687,0.3172699288822842,0.7437826342270023,2024,Japanese Grand Prix,57,Batch Percent,target_pit_any_h2_clean_actionable
2024 :: Las Vegas Grand Prix,81,825,12,10,69,815,0.20255364663413333,0.38256033905657244,2024,Las Vegas Grand Prix,58,Batch Percent,target_pit_any_h2_clean_actionable
2024 :: Mexico City Grand Prix,44,1061,35,214,9,847,0.18365893332184868,0.7968777431990631,2024,Mexico City Grand Prix,59,Batch Percent,target_pit_any_h2_clean_actionable
2024 :: Miami Grand Prix,45,820,9,33,36,787,0.16495278069254982,0.43812237960665185,2024,Miami Grand Prix,60,Batch Percent,target_pit_any_h2_clean_actionable
2024 :: Monaco Grand Prix,14,1212,0,0,14,1212,0.0,0.0,2024,Monaco Grand Prix,61,Batch Percent,target_pit_any_h2_clean_actionable
2024 :: Qatar Grand Prix,73,715,25,76,48,639,0.20147753460928686,0.553230331068791,2024,Qatar Grand Prix,62,Batch Percent,target_pit_any_h2_clean_actionable
2024 :: Saudi Arabian Grand Prix,38,798,7,85,31,713,0.04633781763826594,0.40569582736305887,2024,Saudi Arabian Grand Prix,63,Batch Percent,target_pit_any_h2_clean_actionable
2024 :: Singapore Grand Prix,50,1106,32,199,18,907,0.16863748442346949,0.7244627616016981,2024,Singapore Grand Prix,64,Batch Percent,target_pit_any_h2_clean_actionable
2024 :: Spanish Grand Prix,84,1207,35,41,49,1166,0.4004396466314398,0.634439215310045,2024,Spanish Grand Prix,65,Batch Percent,target_pit_any_h2_clean_actionable
2024 :: São Paulo Grand Prix,26,923,9,94,17,829,0.1001665741254858,0.5575848889712077,2024,São Paulo Grand Prix,66,Batch Percent,target_pit_any_h2_clean_actionable
2024 :: United States Grand Prix,45,938,41,276,4,662,0.15910007454569897,0.8018871369066929,2024,United States Grand Prix,67,Batch Percent,target_pit_any_h2_clean_actionable
2025 :: Abu Dhabi Grand Prix,54,1066,30,77,24,989,0.32971486809983164,0.717931966212144,2025,Abu Dhabi Grand Prix,68,Batch Percent,target_pit_any_h2_clean_actionable
2025 :: Australian Grand Prix,58,587,1,4,57,583,0.017725627262514143,0.1308582867303993,2025,Australian Grand Prix,69,Batch Percent,target_pit_any_h2_clean_actionable
2025 :: Austrian Grand Prix,64,1011,45,91,19,920,0.40154459694724487,0.7998979905289334,2025,Austrian Grand Prix,70,Batch Percent,target_pit_any_h2_clean_actionable
2025 :: Azerbaijan Grand Prix,37,856,12,38,25,818,0.23965076833668952,0.5567106512175652,2025,Azerbaijan Grand Prix,71,Batch Percent,target_pit_any_h2_clean_actionable
2025 :: Bahrain Grand Prix,85,938,67,110,18,828,0.4496671373814807,0.8341452627257024,2025,Bahrain Grand Prix,72,Batch Percent,target_pit_any_h2_clean_actionable
2025 :: Belgian Grand Prix,52,767,0,0,52,767,0.0,0.0,2025,Belgian Grand Prix,73,Batch Percent,target_pit_any_h2_clean_actionable
2025 :: British Grand Prix,59,500,14,124,45,376,-0.006734939630643977,0.4224223928322239,2025,British Grand Prix,74,Batch Percent,target_pit_any_h2_clean_actionable
2025 :: Canadian Grand Prix,106,1015,10,77,96,938,0.020090041382655577,0.2952673765970402,2025,Canadian Grand Prix,75,Batch Percent,target_pit_any_h2_clean_actionable
2025 :: Chinese Grand Prix,50,997,22,77,28,920,0.24755138498182794,0.6371954599355582,2025,Chinese Grand Prix,76,Batch Percent,target_pit_any_h2_clean_actionable
2025 :: Dutch Grand Prix,76,1045,20,61,56,984,0.1987231572838073,0.4977916479862183,2025,Dutch Grand Prix,77,Batch Percent,target_pit_any_h2_clean_actionable
2025 :: Emilia Romagna Grand Prix,66,965,21,65,45,900,0.21979911942762786,0.5447475399137752,2025,Emilia Romagna Grand Prix,78,Batch Percent,target_pit_any_h2_clean_actionable
2025 :: Hungarian Grand Prix,60,1289,35,151,25,1138,0.2329630993687285,0.7176341038495987,2025,Hungarian Grand Prix,79,Batch Percent,target_pit_any_h2_clean_actionable
2025 :: Italian Grand Prix,40,917,2,24,38,893,0.028617268589764544,0.2206612447869515,2025,Italian Grand Prix,80,Batch Percent,target_pit_any_h2_clean_actionable
2025 :: Japanese Grand Prix,42,997,11,33,31,964,0.2237035653412407,0.5032254943568565,2025,Japanese Grand Prix,81,Batch Percent,target_pit_any_h2_clean_actionable
2025 :: Las Vegas Grand Prix,34,769,22,27,12,742,0.5053934962174456,0.7901520380594139,2025,Las Vegas Grand Prix,82,Batch Percent,target_pit_any_h2_clean_actionable
2025 :: Mexico City Grand Prix,56,1150,16,46,40,1104,0.2337992376111817,0.5237229365663817,2025,Mexico City Grand Prix,83,Batch Percent,target_pit_any_h2_clean_actionable
2025 :: Miami Grand Prix,22,468,0,0,22,468,0.0,0.0,2025,Miami Grand Prix,84,Batch Percent,target_pit_any_h2_clean_actionable
2025 :: Monaco Grand Prix,72,1274,2,4,70,1270,0.04340978064615264,0.16640481785347777,2025,Monaco Grand Prix,85,Batch Percent,target_pit_any_h2_clean_actionable
2025 :: Qatar Grand Prix,85,914,6,5,79,909,0.10759937894804017,0.26495676102045745,2025,Qatar Grand Prix,86,Batch Percent,target_pit_any_h2_clean_actionable
2025 :: Saudi Arabian Grand Prix,32,813,30,132,2,681,0.26264310180904127,0.8861636292806079,2025,Saudi Arabian Grand Prix,87,Batch Percent,target_pit_any_h2_clean_actionable
2025 :: Singapore Grand Prix,46,1165,21,106,25,1059,0.19804973233107026,0.6441926255646455,2025,Singapore Grand Prix,88,Batch Percent,target_pit_any_h2_clean_actionable
2025 :: Spanish Grand Prix,104,995,53,140,51,855,0.2667165049832495,0.6617482205363828,2025,Spanish Grand Prix,89,Batch Percent,target_pit_any_h2_clean_actionable
2025 :: São Paulo Grand Prix,70,1056,31,89,39,967,0.2689053464542964,0.6368147365270441,2025,São Paulo Grand Prix,90,Batch Percent,target_pit_any_h2_clean_actionable
2025 :: United States Grand Prix,42,959,38,282,4,677,0.14664274089220874,0.7991939431928204,2025,United States Grand Prix,91,Batch Percent,target_pit_any_h2_clean_actionable
2022 :: Abu Dhabi Grand Prix,26,1036,0,0,26,1036,0.0,0.0,2022,Abu Dhabi Grand Prix,1,Batch Percent,target_pit_success_h2_clean_actionable
2022 :: Australian Grand Prix,20,821,0,0,20,821,0.0,0.0,2022,Australian Grand Prix,2,Batch Percent,target_pit_success_h2_clean_actionable
2022 :: Austrian Grand Prix,46,1191,0,0,46,1191,0.0,0.0,2022,Austrian Grand Prix,3,Batch Percent,target_pit_success_h2_clean_actionable
2022 :: Azerbaijan Grand Prix,25,748,0,0,25,748,0.0,0.0,2022,Azerbaijan Grand Prix,4,Batch Percent,target_pit_success_h2_clean_actionable
2022 :: Belgian Grand Prix,24,679,0,0,24,679,0.0,0.0,2022,Belgian Grand Prix,5,Batch Percent,target_pit_success_h2_clean_actionable
2022 :: British Grand Prix,4,271,0,0,4,271,0.0,0.0,2022,British Grand Prix,6,Batch Percent,target_pit_success_h2_clean_actionable
2022 :: Canadian Grand Prix,19,1028,0,0,19,1028,0.0,0.0,2022,Canadian Grand Prix,7,Batch Percent,target_pit_success_h2_clean_actionable
2022 :: Dutch Grand Prix,41,1131,0,0,41,1131,0.0,0.0,2022,Dutch Grand Prix,8,Batch Percent,target_pit_success_h2_clean_actionable
2022 :: Emilia Romagna Grand Prix,22,1023,0,0,22,1023,0.0,0.0,2022,Emilia Romagna Grand Prix,9,Batch Percent,target_pit_success_h2_clean_actionable
2022 :: French Grand Prix,16,844,0,0,16,844,0.0,0.0,2022,French Grand Prix,10,Batch Percent,target_pit_success_h2_clean_actionable
2022 :: Hungarian Grand Prix,34,1227,0,0,34,1227,0.0,0.0,2022,Hungarian Grand Prix,11,Batch Percent,target_pit_success_h2_clean_actionable
2022 :: Italian Grand Prix,36,781,0,0,36,781,0.0,0.0,2022,Italian Grand Prix,12,Batch Percent,target_pit_success_h2_clean_actionable
2022 :: Japanese Grand Prix,2,176,0,0,2,176,0.0,0.0,2022,Japanese Grand Prix,13,Batch Percent,target_pit_success_h2_clean_actionable
2022 :: Mexico City Grand Prix,12,1295,0,0,12,1295,0.0,0.0,2022,Mexico City Grand Prix,14,Batch Percent,target_pit_success_h2_clean_actionable
2022 :: Miami Grand Prix,21,886,0,0,21,886,0.0,0.0,2022,Miami Grand Prix,15,Batch Percent,target_pit_success_h2_clean_actionable
2022 :: Monaco Grand Prix,18,1006,0,0,18,1006,0.0,0.0,2022,Monaco Grand Prix,16,Batch Percent,target_pit_success_h2_clean_actionable
2022 :: Saudi Arabian Grand Prix,10,493,0,0,10,493,0.0,0.0,2022,Saudi Arabian Grand Prix,17,Batch Percent,target_pit_success_h2_clean_actionable
2022 :: Singapore Grand Prix,7,609,0,0,7,609,0.0,0.0,2022,Singapore Grand Prix,18,Batch Percent,target_pit_success_h2_clean_actionable
2022 :: Spanish Grand Prix,42,1130,0,0,42,1130,0.0,0.0,2022,Spanish Grand Prix,19,Batch Percent,target_pit_success_h2_clean_actionable
2022 :: São Paulo Grand Prix,22,974,0,0,22,974,0.0,0.0,2022,São Paulo Grand Prix,20,Batch Percent,target_pit_success_h2_clean_actionable
2022 :: United States Grand Prix,26,788,0,0,26,788,0.0,0.0,2022,United States Grand Prix,21,Batch Percent,target_pit_success_h2_clean_actionable
2023 :: Abu Dhabi Grand Prix,44,1012,0,0,44,1012,0.0,0.0,2023,Abu Dhabi Grand Prix,22,Batch Percent,target_pit_success_h2_clean_actionable
2023 :: Australian Grand Prix,10,748,0,0,10,748,0.0,0.0,2023,Australian Grand Prix,23,Batch Percent,target_pit_success_h2_clean_actionable
2023 :: Austrian Grand Prix,22,1240,0,0,22,1240,0.0,0.0,2023,Austrian Grand Prix,24,Batch Percent,target_pit_success_h2_clean_actionable
2023 :: Azerbaijan Grand Prix,16,846,0,0,16,846,0.0,0.0,2023,Azerbaijan Grand Prix,25,Batch Percent,target_pit_success_h2_clean_actionable
2023 :: Bahrain Grand Prix,60,925,0,0,60,925,0.0,0.0,2023,Bahrain Grand Prix,26,Batch Percent,target_pit_success_h2_clean_actionable
2023 :: Belgian Grand Prix,36,751,0,0,36,751,0.0,0.0,2023,Belgian Grand Prix,27,Batch Percent,target_pit_success_h2_clean_actionable
2023 :: British Grand Prix,18,719,7,15,11,704,0.3320552147239264,0.6170703110786581,2023,British Grand Prix,28,Batch Percent,target_pit_success_h2_clean_actionable
2023 :: Canadian Grand Prix,18,1130,0,0,18,1130,0.0,0.0,2023,Canadian Grand Prix,29,Batch Percent,target_pit_success_h2_clean_actionable
2023 :: Dutch Grand Prix,12,1074,0,0,12,1074,0.0,0.0,2023,Dutch Grand Prix,30,Batch Percent,target_pit_success_h2_clean_actionable
2023 :: Hungarian Grand Prix,26,1181,0,1,26,1180,-0.0015981805329317034,0.0,2023,Hungarian Grand Prix,31,Batch Percent,target_pit_success_h2_clean_actionable
2023 :: Italian Grand Prix,14,751,0,0,14,751,0.0,0.0,2023,Italian Grand Prix,32,Batch Percent,target_pit_success_h2_clean_actionable
2023 :: Japanese Grand Prix,15,706,0,0,15,706,0.0,0.0,2023,Japanese Grand Prix,33,Batch Percent,target_pit_success_h2_clean_actionable
2023 :: Las Vegas Grand Prix,18,748,0,0,18,748,0.0,0.0,2023,Las Vegas Grand Prix,34,Batch Percent,target_pit_success_h2_clean_actionable
2023 :: Mexico City Grand Prix,14,1148,0,0,14,1148,0.0,0.0,2023,Mexico City Grand Prix,35,Batch Percent,target_pit_success_h2_clean_actionable
2023 :: Miami Grand Prix,12,1096,0,0,12,1096,0.0,0.0,2023,Miami Grand Prix,36,Batch Percent,target_pit_success_h2_clean_actionable
2023 :: Monaco Grand Prix,4,1449,0,0,4,1449,0.0,0.0,2023,Monaco Grand Prix,37,Batch Percent,target_pit_success_h2_clean_actionable
2023 :: Qatar Grand Prix,24,874,0,0,24,874,0.0,0.0,2023,Qatar Grand Prix,38,Batch Percent,target_pit_success_h2_clean_actionable
2023 :: Saudi Arabian Grand Prix,12,839,0,0,12,839,0.0,0.0,2023,Saudi Arabian Grand Prix,39,Batch Percent,target_pit_success_h2_clean_actionable
2023 :: Singapore Grand Prix,21,952,0,0,21,952,0.0,0.0,2023,Singapore Grand Prix,40,Batch Percent,target_pit_success_h2_clean_actionable
2023 :: Spanish Grand Prix,44,1223,0,0,44,1223,0.0,0.0,2023,Spanish Grand Prix,41,Batch Percent,target_pit_success_h2_clean_actionable
2023 :: São Paulo Grand Prix,36,998,0,0,36,998,0.0,0.0,2023,São Paulo Grand Prix,42,Batch Percent,target_pit_success_h2_clean_actionable
2023 :: United States Grand Prix,32,932,0,0,32,932,0.0,0.0,2023,United States Grand Prix,43,Batch Percent,target_pit_success_h2_clean_actionable
2024 :: Abu Dhabi Grand Prix,24,928,0,1,24,927,-0.002020882452004047,0.0,2024,Abu Dhabi Grand Prix,44,Batch Percent,target_pit_success_h2_clean_actionable
2024 :: Australian Grand Prix,16,822,0,0,16,822,0.0,0.0,2024,Australian Grand Prix,45,Batch Percent,target_pit_success_h2_clean_actionable
2024 :: Austrian Grand Prix,44,1297,0,0,44,1297,0.0,0.0,2024,Austrian Grand Prix,46,Batch Percent,target_pit_success_h2_clean_actionable
2024 :: Azerbaijan Grand Prix,18,901,0,0,18,901,0.0,0.0,2024,Azerbaijan Grand Prix,47,Batch Percent,target_pit_success_h2_clean_actionable
2024 :: Bahrain Grand Prix,44,1044,1,1,43,1043,0.040102662816811185,0.15068345399861122,2024,Bahrain Grand Prix,48,Batch Percent,target_pit_success_h2_clean_actionable
2024 :: Belgian Grand Prix,12,590,0,0,12,590,0.0,0.0,2024,Belgian Grand Prix,49,Batch Percent,target_pit_success_h2_clean_actionable
2024 :: British Grand Prix,20,872,0,0,20,872,0.0,0.0,2024,British Grand Prix,50,Batch Percent,target_pit_success_h2_clean_actionable
2024 :: Canadian Grand Prix,15,1032,0,0,15,1032,0.0,0.0,2024,Canadian Grand Prix,51,Batch Percent,target_pit_success_h2_clean_actionable
2024 :: Chinese Grand Prix,22,802,0,0,22,802,0.0,0.0,2024,Chinese Grand Prix,52,Batch Percent,target_pit_success_h2_clean_actionable
2024 :: Dutch Grand Prix,12,1367,0,0,12,1367,0.0,0.0,2024,Dutch Grand Prix,53,Batch Percent,target_pit_success_h2_clean_actionable
2024 :: Emilia Romagna Grand Prix,20,1176,0,0,20,1176,0.0,0.0,2024,Emilia Romagna Grand Prix,54,Batch Percent,target_pit_success_h2_clean_actionable
2024 :: Hungarian Grand Prix,36,1288,0,0,36,1288,0.0,0.0,2024,Hungarian Grand Prix,55,Batch Percent,target_pit_success_h2_clean_actionable
2024 :: Italian Grand Prix,22,938,0,0,22,938,0.0,0.0,2024,Italian Grand Prix,56,Batch Percent,target_pit_success_h2_clean_actionable
2024 :: Japanese Grand Prix,17,839,0,0,17,839,0.0,0.0,2024,Japanese Grand Prix,57,Batch Percent,target_pit_success_h2_clean_actionable
2024 :: Las Vegas Grand Prix,44,848,0,0,44,848,0.0,0.0,2024,Las Vegas Grand Prix,58,Batch Percent,target_pit_success_h2_clean_actionable
2024 :: Mexico City Grand Prix,20,1071,0,0,20,1071,0.0,0.0,2024,Mexico City Grand Prix,59,Batch Percent,target_pit_success_h2_clean_actionable
2024 :: Miami Grand Prix,11,837,0,0,11,837,0.0,0.0,2024,Miami Grand Prix,60,Batch Percent,target_pit_success_h2_clean_actionable
2024 :: Monaco Grand Prix,2,1220,0,0,2,1220,0.0,0.0,2024,Monaco Grand Prix,61,Batch Percent,target_pit_success_h2_clean_actionable
2024 :: Qatar Grand Prix,12,750,0,0,12,750,0.0,0.0,2024,Qatar Grand Prix,62,Batch Percent,target_pit_success_h2_clean_actionable
2024 :: Saudi Arabian Grand Prix,20,814,0,0,20,814,0.0,0.0,2024,Saudi Arabian Grand Prix,63,Batch Percent,target_pit_success_h2_clean_actionable
2024 :: Singapore Grand Prix,16,1120,0,0,16,1120,0.0,0.0,2024,Singapore Grand Prix,64,Batch Percent,target_pit_success_h2_clean_actionable
2024 :: Spanish Grand Prix,40,1215,0,0,40,1215,0.0,0.0,2024,Spanish Grand Prix,65,Batch Percent,target_pit_success_h2_clean_actionable
2024 :: United States Grand Prix,22,944,0,0,22,944,0.0,0.0,2024,United States Grand Prix,67,Batch Percent,target_pit_success_h2_clean_actionable
2025 :: Abu Dhabi Grand Prix,34,1082,3,13,31,1069,0.102500365550519,0.29525440862913405,2025,Abu Dhabi Grand Prix,68,Batch Percent,target_pit_success_h2_clean_actionable
2025 :: Austrian Grand Prix,18,1031,0,0,18,1031,0.0,0.0,2025,Austrian Grand Prix,70,Batch Percent,target_pit_success_h2_clean_actionable
2025 :: Azerbaijan Grand Prix,14,868,0,0,14,868,0.0,0.0,2025,Azerbaijan Grand Prix,71,Batch Percent,target_pit_success_h2_clean_actionable
2025 :: Bahrain Grand Prix,54,961,2,0,52,961,0.06788640858999717,0.19245008972987526,2025,Bahrain Grand Prix,72,Batch Percent,target_pit_success_h2_clean_actionable
2025 :: Belgian Grand Prix,28,789,0,0,28,789,0.0,0.0,2025,Belgian Grand Prix,73,Batch Percent,target_pit_success_h2_clean_actionable
2025 :: British Grand Prix,4,512,0,0,4,512,0.0,0.0,2025,British Grand Prix,74,Batch Percent,target_pit_success_h2_clean_actionable
2025 :: Canadian Grand Prix,30,1065,0,0,30,1065,0.0,0.0,2025,Canadian Grand Prix,75,Batch Percent,target_pit_success_h2_clean_actionable
2025 :: Chinese Grand Prix,16,1021,0,0,16,1021,0.0,0.0,2025,Chinese Grand Prix,76,Batch Percent,target_pit_success_h2_clean_actionable
2025 :: Dutch Grand Prix,32,1059,0,0,32,1059,0.0,0.0,2025,Dutch Grand Prix,77,Batch Percent,target_pit_success_h2_clean_actionable
2025 :: Emilia Romagna Grand Prix,29,979,0,0,29,979,0.0,0.0,2025,Emilia Romagna Grand Prix,78,Batch Percent,target_pit_success_h2_clean_actionable
2025 :: Hungarian Grand Prix,14,1309,0,0,14,1309,0.0,0.0,2025,Hungarian Grand Prix,79,Batch Percent,target_pit_success_h2_clean_actionable
2025 :: Italian Grand Prix,12,929,0,0,12,929,0.0,0.0,2025,Italian Grand Prix,80,Batch Percent,target_pit_success_h2_clean_actionable
2025 :: Japanese Grand Prix,20,1011,0,0,20,1011,0.0,0.0,2025,Japanese Grand Prix,81,Batch Percent,target_pit_success_h2_clean_actionable
2025 :: Las Vegas Grand Prix,9,785,0,0,9,785,0.0,0.0,2025,Las Vegas Grand Prix,82,Batch Percent,target_pit_success_h2_clean_actionable
2025 :: Mexico City Grand Prix,30,1166,0,1,30,1165,-0.0016209206829480571,0.0,2025,Mexico City Grand Prix,83,Batch Percent,target_pit_success_h2_clean_actionable
2025 :: Miami Grand Prix,2,476,0,0,2,476,0.0,0.0,2025,Miami Grand Prix,84,Batch Percent,target_pit_success_h2_clean_actionable
2025 :: Monaco Grand Prix,26,1292,0,0,26,1292,0.0,0.0,2025,Monaco Grand Prix,85,Batch Percent,target_pit_success_h2_clean_actionable
2025 :: Qatar Grand Prix,51,934,0,0,51,934,0.0,0.0,2025,Qatar Grand Prix,86,Batch Percent,target_pit_success_h2_clean_actionable
2025 :: Saudi Arabian Grand Prix,14,823,0,0,14,823,0.0,0.0,2025,Saudi Arabian Grand Prix,87,Batch Percent,target_pit_success_h2_clean_actionable
2025 :: Singapore Grand Prix,16,1187,0,0,16,1187,0.0,0.0,2025,Singapore Grand Prix,88,Batch Percent,target_pit_success_h2_clean_actionable
2025 :: Spanish Grand Prix,35,1032,0,0,35,1032,0.0,0.0,2025,Spanish Grand Prix,89,Batch Percent,target_pit_success_h2_clean_actionable
2025 :: São Paulo Grand Prix,20,1068,0,0,20,1068,0.0,0.0,2025,São Paulo Grand Prix,90,Batch Percent,target_pit_success_h2_clean_actionable
2025 :: United States Grand Prix,18,973,0,6,18,967,-0.009164969450101923,0.0,2025,United States Grand Prix,91,Batch Percent,target_pit_success_h2_clean_actionable
2022 :: Abu Dhabi Grand Prix,68,1018,17,47,51,971,0.20958350662468073,0.488321369913648,2022,Abu Dhabi Grand Prix,1,MOA Percent,target_pit_any_h2_clean_actionable
2022 :: Australian Grand Prix,42,814,9,9,33,805,0.2787674530572941,0.4603438518286759,2022,Australian Grand Prix,2,MOA Percent,target_pit_any_h2_clean_actionable
2022 :: Austrian Grand Prix,85,1182,39,113,46,1069,0.2659461665433849,0.6441736485292923,2022,Austrian Grand Prix,3,MOA Percent,target_pit_any_h2_clean_actionable
2022 :: Azerbaijan Grand Prix,55,732,1,10,54,722,0.007174958606008031,0.13391576713565528,2022,Azerbaijan Grand Prix,4,MOA Percent,target_pit_any_h2_clean_actionable
2022 :: Bahrain Grand Prix,112,895,28,43,84,852,0.24046039542217756,0.4878409851741061,2022,Bahrain Grand Prix,5,MOA Percent,target_pit_any_h2_clean_actionable
2022 :: Belgian Grand Prix,72,647,35,79,37,568,0.2890775499070902,0.6532656180408063,2022,Belgian Grand Prix,6,MOA Percent,target_pit_any_h2_clean_actionable
2022 :: British Grand Prix,20,267,9,23,11,244,0.28481383758428613,0.641276816247227,2022,British Grand Prix,7,MOA Percent,target_pit_any_h2_clean_actionable
2022 :: Canadian Grand Prix,61,1025,4,34,57,991,0.03938645774606808,0.2517908666806294,2022,Canadian Grand Prix,8,MOA Percent,target_pit_any_h2_clean_actionable
2022 :: Dutch Grand Prix,109,1094,26,63,83,1031,0.1972375589601082,0.47412635476043313,2022,Dutch Grand Prix,9,MOA Percent,target_pit_any_h2_clean_actionable
2022 :: Emilia Romagna Grand Prix,48,1007,21,5,27,1002,0.5532855214756398,0.6597936844632547,2022,Emilia Romagna Grand Prix,10,MOA Percent,target_pit_any_h2_clean_actionable
2022 :: French Grand Prix,53,824,28,65,25,759,0.33214309889663574,0.6975869748427307,2022,French Grand Prix,11,MOA Percent,target_pit_any_h2_clean_actionable
2022 :: Hungarian Grand Prix,81,1207,14,33,67,1174,0.18092209856915753,0.4100170548788923,2022,Hungarian Grand Prix,12,MOA Percent,target_pit_any_h2_clean_actionable
2022 :: Italian Grand Prix,60,775,6,33,54,742,0.06847470667436051,0.3094219376254227,2022,Italian Grand Prix,13,MOA Percent,target_pit_any_h2_clean_actionable
2022 :: Japanese Grand Prix,8,177,2,7,6,170,0.19860046651116303,0.4900132593617059,2022,Japanese Grand Prix,14,MOA Percent,target_pit_any_h2_clean_actionable
2022 :: Mexico City Grand Prix,48,1283,5,17,43,1266,0.12297656438753324,0.3206032408380387,2022,Mexico City Grand Prix,15,MOA Percent,target_pit_any_h2_clean_actionable
2022 :: Miami Grand Prix,47,878,3,11,44,867,0.07682955597089391,0.25105795629049393,2022,Miami Grand Prix,16,MOA Percent,target_pit_any_h2_clean_actionable
2022 :: Monaco Grand Prix,63,980,14,24,49,956,0.2428123912286808,0.4655964404411549,2022,Monaco Grand Prix,17,MOA Percent,target_pit_any_h2_clean_actionable
2022 :: Saudi Arabian Grand Prix,31,486,5,5,26,481,0.22112066870778047,0.39953843009402307,2022,Saudi Arabian Grand Prix,18,MOA Percent,target_pit_any_h2_clean_actionable
2022 :: Singapore Grand Prix,38,600,7,14,31,586,0.20351772734838813,0.4241606779296666,2022,Singapore Grand Prix,19,MOA Percent,target_pit_any_h2_clean_actionable
2022 :: Spanish Grand Prix,106,1106,15,39,91,1067,0.13652505589898734,0.3694854518515716,2022,Spanish Grand Prix,20,MOA Percent,target_pit_any_h2_clean_actionable
2022 :: São Paulo Grand Prix,80,950,10,3,70,947,0.19763098922206812,0.35299470698283103,2022,São Paulo Grand Prix,21,MOA Percent,target_pit_any_h2_clean_actionable
2022 :: United States Grand Prix,68,772,11,27,57,745,0.1587180465471194,0.3951039508432683,2022,United States Grand Prix,22,MOA Percent,target_pit_any_h2_clean_actionable
2023 :: Abu Dhabi Grand Prix,71,993,11,21,60,972,0.1795750514050719,0.3894266569506781,2023,Abu Dhabi Grand Prix,23,MOA Percent,target_pit_any_h2_clean_actionable
2023 :: Australian Grand Prix,25,765,3,1,22,764,0.19991193306913246,0.3461836756042982,2023,Australian Grand Prix,24,MOA Percent,target_pit_any_h2_clean_actionable
2023 :: Austrian Grand Prix,81,1229,8,16,73,1213,0.12772515748679503,0.3122172851484782,2023,Austrian Grand Prix,25,MOA Percent,target_pit_any_h2_clean_actionable
2023 :: Azerbaijan Grand Prix,45,837,0,5,45,832,-0.010309278350515427,0.0,2023,Azerbaijan Grand Prix,26,MOA Percent,target_pit_any_h2_clean_actionable
2023 :: Bahrain Grand Prix,101,903,12,27,89,876,0.12223210382719596,0.33949869877248173,2023,Bahrain Grand Prix,27,MOA Percent,target_pit_any_h2_clean_actionable
2023 :: Belgian Grand Prix,76,721,3,3,73,718,0.06005400204835343,0.1982660804201177,2023,Belgian Grand Prix,28,MOA Percent,target_pit_any_h2_clean_actionable
2023 :: British Grand Prix,38,710,6,18,32,692,0.16053151373675711,0.3922904175260058,2023,British Grand Prix,29,MOA Percent,target_pit_any_h2_clean_actionable
2023 :: Canadian Grand Prix,65,1122,4,7,61,1115,0.0908517492284473,0.24729442319382586,2023,Canadian Grand Prix,30,MOA Percent,target_pit_any_h2_clean_actionable
2023 :: Dutch Grand Prix,125,1048,7,0,118,1048,0.09584155311393605,0.23664319132398465,2023,Dutch Grand Prix,31,MOA Percent,target_pit_any_h2_clean_actionable
2023 :: Hungarian Grand Prix,74,1157,3,19,71,1138,0.035938043856595825,0.19968673637420553,2023,Hungarian Grand Prix,32,MOA Percent,target_pit_any_h2_clean_actionable
2023 :: Italian Grand Prix,42,739,0,4,42,735,-0.009440854172520163,0.0,2023,Italian Grand Prix,33,MOA Percent,target_pit_any_h2_clean_actionable
2023 :: Japanese Grand Prix,67,694,3,7,64,687,0.056342455944251246,0.21053381456362988,2023,Japanese Grand Prix,34,MOA Percent,target_pit_any_h2_clean_actionable
2023 :: Las Vegas Grand Prix,52,738,6,5,46,733,0.17143092172911611,0.3385304665728016,2023,Las Vegas Grand Prix,35,MOA Percent,target_pit_any_h2_clean_actionable
2023 :: Mexico City Grand Prix,51,1133,3,5,48,1128,0.09107763615295472,0.24199987084762112,2023,Mexico City Grand Prix,36,MOA Percent,target_pit_any_h2_clean_actionable
2023 :: Miami Grand Prix,38,1080,2,7,36,1073,0.0730399907446686,0.22867104832724214,2023,Miami Grand Prix,37,MOA Percent,target_pit_any_h2_clean_actionable
2023 :: Monaco Grand Prix,69,1426,12,16,57,1410,0.22682092227472717,0.414682655752578,2023,Monaco Grand Prix,38,MOA Percent,target_pit_any_h2_clean_actionable
2023 :: Qatar Grand Prix,100,844,4,6,96,838,0.05451688923802034,0.19928783156637173,2023,Qatar Grand Prix,39,MOA Percent,target_pit_any_h2_clean_actionable
2023 :: Saudi Arabian Grand Prix,42,828,3,8,39,820,0.0950736953923782,0.26596699100387944,2023,Saudi Arabian Grand Prix,40,MOA Percent,target_pit_any_h2_clean_actionable
2023 :: Singapore Grand Prix,47,944,2,4,45,940,0.06543620931888616,0.20584674239815456,2023,Singapore Grand Prix,41,MOA Percent,target_pit_any_h2_clean_actionable
2023 :: Spanish Grand Prix,84,1211,3,4,81,1207,0.05651886962260755,0.1886698689580203,2023,Spanish Grand Prix,42,MOA Percent,target_pit_any_h2_clean_actionable
2023 :: São Paulo Grand Prix,70,998,8,12,62,986,0.1531075867981141,0.33602312027661896,2023,São Paulo Grand Prix,43,MOA Percent,target_pit_any_h2_clean_actionable
2023 :: United States Grand Prix,74,910,7,17,67,893,0.11007751937984478,0.3046759636522757,2023,United States Grand Prix,44,MOA Percent,target_pit_any_h2_clean_actionable
2024 :: Abu Dhabi Grand Prix,54,912,6,8,48,904,0.15706806282722519,0.3318681247750609,2024,Abu Dhabi Grand Prix,45,MOA Percent,target_pit_any_h2_clean_actionable
2024 :: Australian Grand Prix,68,806,4,11,64,795,0.07023914215199578,0.2408749196184242,2024,Australian Grand Prix,46,MOA Percent,target_pit_any_h2_clean_actionable
2024 :: Austrian Grand Prix,88,1273,12,31,76,1242,0.14699835405891415,0.3647504892038114,2024,Austrian Grand Prix,47,MOA Percent,target_pit_any_h2_clean_actionable
2024 :: Azerbaijan Grand Prix,46,879,6,28,40,851,0.11248447906084214,0.3553587813481308,2024,Azerbaijan Grand Prix,48,MOA Percent,target_pit_any_h2_clean_actionable
2024 :: Bahrain Grand Prix,84,1024,16,24,68,1000,0.21990939145341004,0.43129097458897137,2024,Bahrain Grand Prix,49,MOA Percent,target_pit_any_h2_clean_actionable
2024 :: Belgian Grand Prix,46,556,2,6,44,550,0.052624952788618784,0.20738628451290192,2024,Belgian Grand Prix,50,MOA Percent,target_pit_any_h2_clean_actionable
2024 :: British Grand Prix,92,850,20,9,72,841,0.29770078972074443,0.46377744023022094,2024,British Grand Prix,51,MOA Percent,target_pit_any_h2_clean_actionable
2024 :: Canadian Grand Prix,85,1023,9,6,76,1017,0.1606836027713625,0.3244400438809708,2024,Canadian Grand Prix,52,MOA Percent,target_pit_any_h2_clean_actionable
2024 :: Chinese Grand Prix,53,782,9,14,44,768,0.20635180754481997,0.40837632201579604,2024,Chinese Grand Prix,53,MOA Percent,target_pit_any_h2_clean_actionable
2024 :: Dutch Grand Prix,52,1355,3,9,49,1346,0.0810135135135136,0.23939321534382296,2024,Dutch Grand Prix,54,MOA Percent,target_pit_any_h2_clean_actionable
2024 :: Emilia Romagna Grand Prix,55,1163,7,20,48,1143,0.14531607949972136,0.3536722074592322,2024,Emilia Romagna Grand Prix,55,MOA Percent,target_pit_any_h2_clean_actionable
2024 :: Hungarian Grand Prix,80,1256,4,15,76,1241,0.05918405249798808,0.22226755553170197,2024,Hungarian Grand Prix,56,MOA Percent,target_pit_any_h2_clean_actionable
2024 :: Italian Grand Prix,60,922,6,8,54,914,0.14233391559136765,0.3148528561744593,2024,Italian Grand Prix,57,MOA Percent,target_pit_any_h2_clean_actionable
2024 :: Japanese Grand Prix,67,797,6,14,61,783,0.10605893389250642,0.29661283795546217,2024,Japanese Grand Prix,58,MOA Percent,target_pit_any_h2_clean_actionable
2024 :: Las Vegas Grand Prix,81,825,15,27,66,798,0.19473593669361766,0.423231117859473,2024,Las Vegas Grand Prix,59,MOA Percent,target_pit_any_h2_clean_actionable
2024 :: Mexico City Grand Prix,44,1061,5,26,39,1035,0.10383420464895743,0.3329439647453528,2024,Mexico City Grand Prix,60,MOA Percent,target_pit_any_h2_clean_actionable
2024 :: Miami Grand Prix,45,820,10,5,35,815,0.3155291790306627,0.4699651143139102,2024,Miami Grand Prix,61,MOA Percent,target_pit_any_h2_clean_actionable
2024 :: Monaco Grand Prix,14,1212,1,4,13,1208,0.09985315712187959,0.26681985227690835,2024,Monaco Grand Prix,62,MOA Percent,target_pit_any_h2_clean_actionable
2024 :: Qatar Grand Prix,73,715,21,8,52,707,0.379054923695201,0.533340917019876,2024,Qatar Grand Prix,63,MOA Percent,target_pit_any_h2_clean_actionable
2024 :: Saudi Arabian Grand Prix,38,798,6,2,32,796,0.24899598393574285,0.39686145023749314,2024,Saudi Arabian Grand Prix,64,MOA Percent,target_pit_any_h2_clean_actionable
2024 :: Singapore Grand Prix,50,1106,1,13,49,1093,0.012564752562548187,0.14058776129406897,2024,Singapore Grand Prix,65,MOA Percent,target_pit_any_h2_clean_actionable
2024 :: Spanish Grand Prix,84,1207,5,5,79,1202,0.09383826060798506,0.24346916030489033,2024,Spanish Grand Prix,66,MOA Percent,target_pit_any_h2_clean_actionable
2024 :: São Paulo Grand Prix,26,923,2,5,24,918,0.11087778244435098,0.2765978588696852,2024,São Paulo Grand Prix,67,MOA Percent,target_pit_any_h2_clean_actionable
2024 :: United States Grand Prix,45,938,3,21,42,917,0.056923568915893896,0.2552922430338098,2024,United States Grand Prix,68,MOA Percent,target_pit_any_h2_clean_actionable
2025 :: Abu Dhabi Grand Prix,54,1066,3,8,51,1058,0.07724962296821769,0.2348161585354807,2025,Abu Dhabi Grand Prix,69,MOA Percent,target_pit_any_h2_clean_actionable
2025 :: Australian Grand Prix,58,587,3,5,55,582,0.07064982469622016,0.2264587325315566,2025,Australian Grand Prix,70,MOA Percent,target_pit_any_h2_clean_actionable
2025 :: Austrian Grand Prix,64,1011,8,16,56,995,0.15435713661393236,0.3507445803330917,2025,Austrian Grand Prix,71,MOA Percent,target_pit_any_h2_clean_actionable
2025 :: Azerbaijan Grand Prix,37,856,2,14,35,842,0.05174991873442414,0.23058619304357508,2025,Azerbaijan Grand Prix,72,MOA Percent,target_pit_any_h2_clean_actionable
2025 :: Bahrain Grand Prix,85,938,17,15,68,923,0.2568205092296786,0.4436233827887453,2025,Bahrain Grand Prix,73,MOA Percent,target_pit_any_h2_clean_actionable
2025 :: Belgian Grand Prix,52,767,3,8,49,759,0.07472300953362543,0.23893631501224702,2025,Belgian Grand Prix,74,MOA Percent,target_pit_any_h2_clean_actionable
2025 :: British Grand Prix,59,500,9,4,50,496,0.22028206850235055,0.38900132891586,2025,British Grand Prix,75,MOA Percent,target_pit_any_h2_clean_actionable
2025 :: Canadian Grand Prix,106,1015,19,34,87,981,0.18779303365807798,0.4162223054193284,2025,Canadian Grand Prix,76,MOA Percent,target_pit_any_h2_clean_actionable
2025 :: Chinese Grand Prix,50,997,6,15,44,982,0.1448565139748329,0.3437943916809199,2025,Chinese Grand Prix,77,MOA Percent,target_pit_any_h2_clean_actionable
2025 :: Dutch Grand Prix,76,1045,9,20,67,1025,0.13919168203924204,0.34081464317465354,2025,Dutch Grand Prix,78,MOA Percent,target_pit_any_h2_clean_actionable
2025 :: Emilia Romagna Grand Prix,66,965,8,15,58,950,0.15170812528882038,0.3454388440457491,2025,Emilia Romagna Grand Prix,79,MOA Percent,target_pit_any_h2_clean_actionable
2025 :: Hungarian Grand Prix,60,1289,6,45,54,1244,0.070102145259332,0.3106588509035045,2025,Hungarian Grand Prix,80,MOA Percent,target_pit_any_h2_clean_actionable
2025 :: Italian Grand Prix,40,917,4,27,36,890,0.07906273389646679,0.3115375035843769,2025,Italian Grand Prix,81,MOA Percent,target_pit_any_h2_clean_actionable
2025 :: Japanese Grand Prix,42,997,8,35,34,962,0.15361911620603752,0.42870673382742913,2025,Japanese Grand Prix,82,MOA Percent,target_pit_any_h2_clean_actionable
2025 :: Las Vegas Grand Prix,34,769,1,5,33,764,0.03777749747729575,0.17094013825062238,2025,Las Vegas Grand Prix,83,MOA Percent,target_pit_any_h2_clean_actionable
2025 :: Mexico City Grand Prix,56,1150,14,87,42,1063,0.1261360444868843,0.4807150471139208,2025,Mexico City Grand Prix,84,MOA Percent,target_pit_any_h2_clean_actionable
2025 :: Miami Grand Prix,22,468,1,1,21,467,0.07642220699108981,0.2129728160057531,2025,Miami Grand Prix,85,MOA Percent,target_pit_any_h2_clean_actionable
2025 :: Monaco Grand Prix,72,1274,2,15,70,1259,0.025020026247166594,0.16568259980847508,2025,Monaco Grand Prix,86,MOA Percent,target_pit_any_h2_clean_actionable
2025 :: Qatar Grand Prix,85,914,19,11,66,903,0.29933050963246344,0.46993534964769407,2025,Qatar Grand Prix,87,MOA Percent,target_pit_any_h2_clean_actionable
2025 :: Saudi Arabian Grand Prix,32,813,2,12,30,801,0.06541317743719388,0.24814812265037942,2025,Saudi Arabian Grand Prix,88,MOA Percent,target_pit_any_h2_clean_actionable
2025 :: Singapore Grand Prix,46,1165,5,45,41,1120,0.06726015619402448,0.3232601238466342,2025,Singapore Grand Prix,89,MOA Percent,target_pit_any_h2_clean_actionable
2025 :: Spanish Grand Prix,104,995,15,37,89,958,0.13792115944916206,0.37264918354001814,2025,Spanish Grand Prix,90,MOA Percent,target_pit_any_h2_clean_actionable
2025 :: São Paulo Grand Prix,70,1056,7,17,63,1039,0.12103352718473137,0.31367204452286074,2025,São Paulo Grand Prix,91,MOA Percent,target_pit_any_h2_clean_actionable
2025 :: United States Grand Prix,42,959,8,41,34,918,0.13682092555331993,0.42700443455478343,2025,United States Grand Prix,92,MOA Percent,target_pit_any_h2_clean_actionable
2022 :: Abu Dhabi Grand Prix,26,1036,0,0,26,1036,0.0,0.0,2022,Abu Dhabi Grand Prix,1,MOA Percent,target_pit_success_h2_clean_actionable
2022 :: Australian Grand Prix,20,821,2,5,18,816,0.13751281936951,0.3152633607029292,2022,Australian Grand Prix,2,MOA Percent,target_pit_success_h2_clean_actionable
2022 :: Austrian Grand Prix,46,1191,0,0,46,1191,0.0,0.0,2022,Austrian Grand Prix,3,MOA Percent,target_pit_success_h2_clean_actionable
2022 :: Azerbaijan Grand Prix,25,748,0,0,25,748,0.0,0.0,2022,Azerbaijan Grand Prix,4,MOA Percent,target_pit_success_h2_clean_actionable
2022 :: Bahrain Grand Prix,49,924,3,7,46,917,0.0860935367820369,0.2464967908584715,2022,Bahrain Grand Prix,5,MOA Percent,target_pit_success_h2_clean_actionable
2022 :: Belgian Grand Prix,24,679,0,0,24,679,0.0,0.0,2022,Belgian Grand Prix,6,MOA Percent,target_pit_success_h2_clean_actionable
2022 :: British Grand Prix,4,271,0,0,4,271,0.0,0.0,2022,British Grand Prix,7,MOA Percent,target_pit_success_h2_clean_actionable
2022 :: Canadian Grand Prix,19,1028,1,0,18,1028,0.09836379293847464,0.22941573387056177,2022,Canadian Grand Prix,8,MOA Percent,target_pit_success_h2_clean_actionable
2022 :: Dutch Grand Prix,41,1131,0,2,41,1129,-0.0032648510909378814,0.0,2022,Dutch Grand Prix,9,MOA Percent,target_pit_success_h2_clean_actionable
2022 :: Emilia Romagna Grand Prix,22,1023,0,0,22,1023,0.0,0.0,2022,Emilia Romagna Grand Prix,10,MOA Percent,target_pit_success_h2_clean_actionable
2022 :: French Grand Prix,16,844,0,0,16,844,0.0,0.0,2022,French Grand Prix,11,MOA Percent,target_pit_success_h2_clean_actionable
2022 :: Hungarian Grand Prix,34,1227,0,1,34,1226,-0.001543104817663954,0.0,2022,Hungarian Grand Prix,12,MOA Percent,target_pit_success_h2_clean_actionable
2022 :: Italian Grand Prix,36,781,1,0,35,781,0.05179560301090946,0.16666666666666666,2022,Italian Grand Prix,13,MOA Percent,target_pit_success_h2_clean_actionable
2022 :: Japanese Grand Prix,2,176,0,0,2,176,0.0,0.0,2022,Japanese Grand Prix,14,MOA Percent,target_pit_success_h2_clean_actionable
2022 :: Mexico City Grand Prix,12,1295,0,2,12,1293,-0.0026301369863013235,0.0,2022,Mexico City Grand Prix,15,MOA Percent,target_pit_success_h2_clean_actionable
2022 :: Miami Grand Prix,21,886,0,0,21,886,0.0,0.0,2022,Miami Grand Prix,16,MOA Percent,target_pit_success_h2_clean_actionable
2022 :: Monaco Grand Prix,18,1006,0,0,18,1006,0.0,0.0,2022,Monaco Grand Prix,17,MOA Percent,target_pit_success_h2_clean_actionable
2022 :: Saudi Arabian Grand Prix,10,493,0,1,10,492,-0.0036277888626881083,0.0,2022,Saudi Arabian Grand Prix,18,MOA Percent,target_pit_success_h2_clean_actionable
2022 :: Singapore Grand Prix,7,609,0,0,7,609,0.0,0.0,2022,Singapore Grand Prix,19,MOA Percent,target_pit_success_h2_clean_actionable
2022 :: Spanish Grand Prix,42,1130,0,1,42,1129,-0.0016695818095084913,0.0,2022,Spanish Grand Prix,20,MOA Percent,target_pit_success_h2_clean_actionable
2022 :: São Paulo Grand Prix,22,974,0,0,22,974,0.0,0.0,2022,São Paulo Grand Prix,21,MOA Percent,target_pit_success_h2_clean_actionable
2022 :: United States Grand Prix,26,788,0,1,26,787,-0.0023716136094134033,0.0,2022,United States Grand Prix,22,MOA Percent,target_pit_success_h2_clean_actionable
2023 :: Abu Dhabi Grand Prix,44,1012,3,0,41,1012,0.12299465240641716,0.26111648393354675,2023,Abu Dhabi Grand Prix,23,MOA Percent,target_pit_success_h2_clean_actionable
2023 :: Australian Grand Prix,10,748,0,0,10,748,0.0,0.0,2023,Australian Grand Prix,24,MOA Percent,target_pit_success_h2_clean_actionable
2023 :: Austrian Grand Prix,22,1240,0,0,22,1240,0.0,0.0,2023,Austrian Grand Prix,25,MOA Percent,target_pit_success_h2_clean_actionable
2023 :: Azerbaijan Grand Prix,16,846,0,0,16,846,0.0,0.0,2023,Azerbaijan Grand Prix,26,MOA Percent,target_pit_success_h2_clean_actionable
2023 :: Bahrain Grand Prix,60,925,0,0,60,925,0.0,0.0,2023,Bahrain Grand Prix,27,MOA Percent,target_pit_success_h2_clean_actionable
2023 :: Belgian Grand Prix,36,751,1,0,35,751,0.051709298722759756,0.16666666666666666,2023,Belgian Grand Prix,28,MOA Percent,target_pit_success_h2_clean_actionable
2023 :: British Grand Prix,18,719,0,0,18,719,0.0,0.0,2023,British Grand Prix,29,MOA Percent,target_pit_success_h2_clean_actionable
2023 :: Canadian Grand Prix,18,1130,0,2,18,1128,-0.0031457532331353733,0.0,2023,Canadian Grand Prix,30,MOA Percent,target_pit_success_h2_clean_actionable
2023 :: Dutch Grand Prix,12,1074,0,0,12,1074,0.0,0.0,2023,Dutch Grand Prix,31,MOA Percent,target_pit_success_h2_clean_actionable
2023 :: Hungarian Grand Prix,26,1181,1,5,25,1176,0.05486531634996872,0.19570054633644682,2023,Hungarian Grand Prix,32,MOA Percent,target_pit_success_h2_clean_actionable
2023 :: Italian Grand Prix,14,751,0,1,14,750,-0.0024460557351271284,0.0,2023,Italian Grand Prix,33,MOA Percent,target_pit_success_h2_clean_actionable
2023 :: Japanese Grand Prix,15,706,0,0,15,706,0.0,0.0,2023,Japanese Grand Prix,34,MOA Percent,target_pit_success_h2_clean_actionable
2023 :: Las Vegas Grand Prix,18,748,0,0,18,748,0.0,0.0,2023,Las Vegas Grand Prix,35,MOA Percent,target_pit_success_h2_clean_actionable
2023 :: Mexico City Grand Prix,14,1148,0,0,14,1148,0.0,0.0,2023,Mexico City Grand Prix,36,MOA Percent,target_pit_success_h2_clean_actionable
2023 :: Miami Grand Prix,12,1096,0,0,12,1096,0.0,0.0,2023,Miami Grand Prix,37,MOA Percent,target_pit_success_h2_clean_actionable
2023 :: Monaco Grand Prix,4,1449,0,0,4,1449,0.0,0.0,2023,Monaco Grand Prix,38,MOA Percent,target_pit_success_h2_clean_actionable
2023 :: Qatar Grand Prix,24,874,0,0,24,874,0.0,0.0,2023,Qatar Grand Prix,39,MOA Percent,target_pit_success_h2_clean_actionable
2023 :: Saudi Arabian Grand Prix,12,839,0,0,12,839,0.0,0.0,2023,Saudi Arabian Grand Prix,40,MOA Percent,target_pit_success_h2_clean_actionable
2023 :: Singapore Grand Prix,21,952,0,1,21,951,-0.001965923984272422,0.0,2023,Singapore Grand Prix,41,MOA Percent,target_pit_success_h2_clean_actionable
2023 :: Spanish Grand Prix,44,1223,0,2,44,1221,-0.0030289470966853305,0.0,2023,Spanish Grand Prix,42,MOA Percent,target_pit_success_h2_clean_actionable
2023 :: São Paulo Grand Prix,36,998,0,1,36,997,-0.001885507777719564,0.0,2023,São Paulo Grand Prix,43,MOA Percent,target_pit_success_h2_clean_actionable
2023 :: United States Grand Prix,32,932,1,3,31,929,0.04853692522062236,0.17649195412608654,2023,United States Grand Prix,44,MOA Percent,target_pit_success_h2_clean_actionable
2024 :: Abu Dhabi Grand Prix,24,928,2,0,22,928,0.15055158987670347,0.28867513459481287,2024,Abu Dhabi Grand Prix,45,MOA Percent,target_pit_success_h2_clean_actionable
2024 :: Australian Grand Prix,16,822,0,0,16,822,0.0,0.0,2024,Australian Grand Prix,46,MOA Percent,target_pit_success_h2_clean_actionable
2024 :: Austrian Grand Prix,44,1297,0,0,44,1297,0.0,0.0,2024,Austrian Grand Prix,47,MOA Percent,target_pit_success_h2_clean_actionable
2024 :: Azerbaijan Grand Prix,18,901,0,0,18,901,0.0,0.0,2024,Azerbaijan Grand Prix,48,MOA Percent,target_pit_success_h2_clean_actionable
2024 :: Bahrain Grand Prix,44,1044,2,1,42,1043,0.08035854694134281,0.21309858427005837,2024,Bahrain Grand Prix,49,MOA Percent,target_pit_success_h2_clean_actionable
2024 :: Belgian Grand Prix,12,590,0,0,12,590,0.0,0.0,2024,Belgian Grand Prix,50,MOA Percent,target_pit_success_h2_clean_actionable
2024 :: British Grand Prix,20,872,1,0,19,872,0.09330194735715813,0.22360679774997896,2024,British Grand Prix,51,MOA Percent,target_pit_success_h2_clean_actionable
2024 :: Canadian Grand Prix,15,1032,1,2,14,1030,0.10684580934101084,0.25794857568953233,2024,Canadian Grand Prix,52,MOA Percent,target_pit_success_h2_clean_actionable
2024 :: Chinese Grand Prix,22,802,0,0,22,802,0.0,0.0,2024,Chinese Grand Prix,53,MOA Percent,target_pit_success_h2_clean_actionable
2024 :: Dutch Grand Prix,12,1367,0,0,12,1367,0.0,0.0,2024,Dutch Grand Prix,54,MOA Percent,target_pit_success_h2_clean_actionable
2024 :: Emilia Romagna Grand Prix,20,1176,0,1,20,1175,-0.0015951507417450994,0.0,2024,Emilia Romagna Grand Prix,55,MOA Percent,target_pit_success_h2_clean_actionable
2024 :: Hungarian Grand Prix,36,1288,0,0,36,1288,0.0,0.0,2024,Hungarian Grand Prix,56,MOA Percent,target_pit_success_h2_clean_actionable
2024 :: Italian Grand Prix,22,938,0,1,22,937,-0.0019967326193501833,0.0,2024,Italian Grand Prix,57,MOA Percent,target_pit_success_h2_clean_actionable
2024 :: Japanese Grand Prix,17,839,0,0,17,839,0.0,0.0,2024,Japanese Grand Prix,58,MOA Percent,target_pit_success_h2_clean_actionable
2024 :: Las Vegas Grand Prix,44,848,1,2,43,846,0.03648583773403735,0.15057778942776948,2024,Las Vegas Grand Prix,59,MOA Percent,target_pit_success_h2_clean_actionable
2024 :: Mexico City Grand Prix,20,1071,0,1,20,1070,-0.0017489397053036537,0.0,2024,Mexico City Grand Prix,60,MOA Percent,target_pit_success_h2_clean_actionable
2024 :: Miami Grand Prix,11,837,0,1,11,836,-0.002166633838881271,0.0,2024,Miami Grand Prix,61,MOA Percent,target_pit_success_h2_clean_actionable
2024 :: Monaco Grand Prix,2,1220,0,0,2,1220,0.0,0.0,2024,Monaco Grand Prix,62,MOA Percent,target_pit_success_h2_clean_actionable
2024 :: Qatar Grand Prix,12,750,0,0,12,750,0.0,0.0,2024,Qatar Grand Prix,63,MOA Percent,target_pit_success_h2_clean_actionable
2024 :: Saudi Arabian Grand Prix,20,814,0,0,20,814,0.0,0.0,2024,Saudi Arabian Grand Prix,64,MOA Percent,target_pit_success_h2_clean_actionable
2024 :: Singapore Grand Prix,16,1120,1,0,15,1120,0.1161825726141078,0.25,2024,Singapore Grand Prix,65,MOA Percent,target_pit_success_h2_clean_actionable
2024 :: Spanish Grand Prix,40,1215,0,0,40,1215,0.0,0.0,2024,Spanish Grand Prix,66,MOA Percent,target_pit_success_h2_clean_actionable
2024 :: United States Grand Prix,22,944,0,3,22,941,-0.005495878091431372,0.0,2024,United States Grand Prix,68,MOA Percent,target_pit_success_h2_clean_actionable
2025 :: Abu Dhabi Grand Prix,34,1082,0,1,34,1081,-0.001743947476405383,0.0,2025,Abu Dhabi Grand Prix,69,MOA Percent,target_pit_success_h2_clean_actionable
2025 :: Austrian Grand Prix,18,1031,1,0,17,1031,0.10364413169137976,0.23570226039551584,2025,Austrian Grand Prix,71,MOA Percent,target_pit_success_h2_clean_actionable
2025 :: Azerbaijan Grand Prix,14,868,0,0,14,868,0.0,0.0,2025,Azerbaijan Grand Prix,72,MOA Percent,target_pit_success_h2_clean_actionable
2025 :: Bahrain Grand Prix,54,961,6,0,48,961,0.19139613622784302,0.3333333333333333,2025,Bahrain Grand Prix,73,MOA Percent,target_pit_success_h2_clean_actionable
2025 :: Belgian Grand Prix,28,789,1,1,27,788,0.062382162472333746,0.18886243792743695,2025,Belgian Grand Prix,74,MOA Percent,target_pit_success_h2_clean_actionable
2025 :: British Grand Prix,4,512,0,0,4,512,0.0,0.0,2025,British Grand Prix,75,MOA Percent,target_pit_success_h2_clean_actionable
2025 :: Canadian Grand Prix,30,1065,2,0,28,1065,0.12199312714776644,0.2581988897471611,2025,Canadian Grand Prix,76,MOA Percent,target_pit_success_h2_clean_actionable
2025 :: Chinese Grand Prix,16,1021,0,0,16,1021,0.0,0.0,2025,Chinese Grand Prix,77,MOA Percent,target_pit_success_h2_clean_actionable
2025 :: Dutch Grand Prix,32,1059,1,0,31,1059,0.05893319235371042,0.1767766952966369,2025,Dutch Grand Prix,78,MOA Percent,target_pit_success_h2_clean_actionable
2025 :: Emilia Romagna Grand Prix,29,979,0,2,29,977,-0.0037260696389567194,0.0,2025,Emilia Romagna Grand Prix,79,MOA Percent,target_pit_success_h2_clean_actionable
2025 :: Hungarian Grand Prix,14,1309,0,0,14,1309,0.0,0.0,2025,Hungarian Grand Prix,80,MOA Percent,target_pit_success_h2_clean_actionable
2025 :: Italian Grand Prix,12,929,0,0,12,929,0.0,0.0,2025,Italian Grand Prix,81,MOA Percent,target_pit_success_h2_clean_actionable
2025 :: Japanese Grand Prix,20,1011,0,0,20,1011,0.0,0.0,2025,Japanese Grand Prix,82,MOA Percent,target_pit_success_h2_clean_actionable
2025 :: Las Vegas Grand Prix,9,785,0,0,9,785,0.0,0.0,2025,Las Vegas Grand Prix,83,MOA Percent,target_pit_success_h2_clean_actionable
2025 :: Mexico City Grand Prix,30,1166,0,0,30,1166,0.0,0.0,2025,Mexico City Grand Prix,84,MOA Percent,target_pit_success_h2_clean_actionable
2025 :: Miami Grand Prix,2,476,0,0,2,476,0.0,0.0,2025,Miami Grand Prix,85,MOA Percent,target_pit_success_h2_clean_actionable
2025 :: Monaco Grand Prix,26,1292,0,0,26,1292,0.0,0.0,2025,Monaco Grand Prix,86,MOA Percent,target_pit_success_h2_clean_actionable
2025 :: Qatar Grand Prix,51,934,1,2,50,932,0.0314650934119961,0.13987800513703064,2025,Qatar Grand Prix,87,MOA Percent,target_pit_success_h2_clean_actionable
2025 :: Saudi Arabian Grand Prix,14,823,0,0,14,823,0.0,0.0,2025,Saudi Arabian Grand Prix,88,MOA Percent,target_pit_success_h2_clean_actionable
2025 :: Singapore Grand Prix,16,1187,0,0,16,1187,0.0,0.0,2025,Singapore Grand Prix,89,MOA Percent,target_pit_success_h2_clean_actionable
2025 :: Spanish Grand Prix,35,1032,0,0,35,1032,0.0,0.0,2025,Spanish Grand Prix,90,MOA Percent,target_pit_success_h2_clean_actionable
2025 :: São Paulo Grand Prix,20,1068,0,0,20,1068,0.0,0.0,2025,São Paulo Grand Prix,91,MOA Percent,target_pit_success_h2_clean_actionable
2025 :: United States Grand Prix,18,973,0,0,18,973,0.0,0.0,2025,United States Grand Prix,92,MOA Percent,target_pit_success_h2_clean_actionable
