model,scored,tp,fp,precision,wilson_ci_low,wilson_ci_high
SDE,1020,749,271,0.734313725490196,0.7063647025693544,0.760504455620998
ML,311,300,11,0.9646302250803859,0.9377849968600903,0.9801373157937489
ML_minus_SDE,-709,-449,-260,0.23031649959018985,,
