statistic,heuristic_proxy_ms,ml_total_ms,ml_added_overhead_ms,ml_overhead_share
p50,0.10898999971686862,2.5813614993239753,2.4530909995519323,0.9503089746222545
p95,0.19744494875340024,4.603370500262803,4.422086498198041,0.9606192892676328
p99,0.24367310059460556,16.65688739842149,16.54226629507316,0.9931186961521279
mean,0.11721850438827798,3.0225719715507062,2.9001221345686767,0.9594881980860798
